,Index,Image type,Image index,Distinctiveness,Reconstruction error,Distinctiveness rank,RE rank
0,Target-13,Target,13,1028.490965450499,0.0484917331830132,5528.0,5595.0
1,Target-35,Target,35,950.4523368861662,0.0446035391523947,4248.0,4533.0
2,Target-47,Target,47,1054.453720970925,0.0485020708886167,5967.0,5598.0
3,Target-84,Target,84,960.9940054003532,0.0450189940741988,4425.0,4666.0
4,Target-120,Target,120,960.9488377550048,0.0460647503402694,4421.0,4929.0
5,Target-189,Target,189,1035.9106177781632,0.0464481718687282,5647.0,5041.0
6,Target-200,Target,200,1021.3753594693924,0.0464295501964493,5420.0,5034.0
7,Target-288,Target,288,1064.8249401112903,0.0474633646240602,6171.0,5335.0
8,Target-297,Target,297,1017.9137790794772,0.0463524006837696,5353.0,5017.0
9,Target-299,Target,299,964.8815100396358,0.045486270716018,4491.0,4776.0
10,Target-303,Target,303,1069.8004364639914,0.0503206719038987,6255.0,6098.0
11,Target-315,Target,315,1055.2468087244868,0.0466018359433485,5978.0,5092.0
12,Target-319,Target,319,1036.2869435848474,0.0438097775245017,5652.0,4307.0
13,Target-326,Target,326,971.0505185194298,0.048710618009294,4567.0,5644.0
14,Target-397,Target,397,988.6318400975126,0.04460651252384,4894.0,4534.0
15,Target-440,Target,440,961.5031117586944,0.0457098254971442,4430.0,4843.0
16,Target-447,Target,447,974.7724160015744,0.0439078069388088,4634.0,4344.0
17,Target-465,Target,465,1064.9844889300684,0.0448275403034189,6175.0,4603.0
18,Target-468,Target,468,981.6520919730216,0.0446523526706216,4768.0,4547.0
19,Target-567,Target,567,1020.2091326281848,0.0434608020234292,5393.0,4196.0
20,Target-571,Target,571,1043.875762002466,0.0475680283526987,5801.0,5371.0
21,Target-587,Target,587,1003.5065084293644,0.0495333512505957,5114.0,5866.0
22,Target-596,Target,596,994.1982552271,0.0452043647079185,4987.0,4716.0
23,Target-605,Target,605,1056.8857874596754,0.0461190856136637,6012.0,4941.0
24,Target-684,Target,684,967.763990889874,0.0502862537795609,4516.0,6089.0
25,Target-712,Target,712,996.0420062270224,0.0452450434477475,5011.0,4730.0
26,Target-746,Target,746,978.8217371359592,0.0440526041223289,4731.0,4378.0
27,Target-760,Target,760,982.4320354815738,0.0438482892340183,4785.0,4316.0
28,Target-799,Target,799,958.5444073981448,0.0471156237919082,4379.0,5240.0
29,Target-843,Target,843,1032.063035341102,0.0498471514955093,5588.0,5965.0
30,Target-869,Target,869,997.1033177478364,0.0451177127702195,5027.0,4699.0
31,Target-874,Target,874,1062.1983741387412,0.0437980596670123,6107.0,4306.0
32,Target-925,Target,925,1001.8106346896304,0.0500398980852315,5091.0,6026.0
33,Target-928,Target,928,969.2167813059672,0.0496595317069541,4542.0,5902.0
34,Target-942,Target,942,967.3904054860728,0.0443380702372028,4512.0,4453.0
35,Target-948,Target,948,1043.0775154026792,0.0509691924024884,5783.0,6253.0
36,Target-963,Target,963,979.6682425975996,0.0466451421906735,4739.0,5109.0
37,Target-981,Target,981,1007.792486665337,0.0501970638420078,5187.0,6063.0
38,Target-997,Target,997,994.2713755013888,0.0465074433378089,4988.0,5064.0
39,Target-1004,Target,1004,975.5798414530104,0.0439547362674226,4658.0,4354.0
40,Target-1024,Target,1024,1000.8474498870752,0.0470398522529138,5078.0,5222.0
41,Target-1028,Target,1028,982.303570132166,0.0466461869567942,4782.0,5110.0
42,Target-1206,Target,1206,1009.5228751881164,0.047378374129407,5216.0,5311.0
43,Target-1249,Target,1249,1047.8707240738336,0.0440601368779916,5856.0,4380.0
44,Target-1289,Target,1289,971.1148394582016,0.0442274004228849,4570.0,4427.0
45,Target-1291,Target,1291,962.5856271828844,0.0492557880522494,4451.0,5789.0
46,Target-1323,Target,1323,995.067608449099,0.048597569064626,4996.0,5619.0
47,Target-1340,Target,1340,1013.1635302219868,0.0508011169679083,5271.0,6212.0
48,Target-1350,Target,1350,1069.4352512590438,0.0501632017132339,6250.0,6055.0
49,Target-1442,Target,1442,1053.298782429998,0.0437913790431054,5946.0,4303.0
50,Target-1488,Target,1488,953.8219847903448,0.0492354788599215,4299.0,5782.0
51,Target-1497,Target,1497,1009.4015786229628,0.0460329185860387,5210.0,4923.0
52,Target-1507,Target,1507,1043.478020083221,0.0437527052900499,5795.0,4290.0
53,Target-1534,Target,1534,1026.0798883216478,0.047962143796584,5500.0,5478.0
54,Target-1547,Target,1547,950.1020251280067,0.0438625662527963,4243.0,4325.0
55,Target-1549,Target,1549,951.9096459262132,0.0467479264117213,4273.0,5138.0
56,Target-1558,Target,1558,978.1568305418176,0.0453964684460949,4717.0,4755.0
57,Target-1611,Target,1611,1061.2724300745383,0.046805593835039,6082.0,5154.0
58,Target-1617,Target,1617,1055.8924999726664,0.0467125469276778,5987.0,5130.0
59,Target-1648,Target,1648,960.874301912994,0.0445305297958954,4420.0,4509.0
60,Target-1649,Target,1649,1023.1267346357596,0.0471841810627647,5454.0,5257.0
61,Target-1688,Target,1688,1052.8797041484495,0.0491508439572787,5939.0,5753.0
62,Target-1715,Target,1715,1037.4901980442228,0.0461537588525194,5679.0,4956.0
63,Target-1720,Target,1720,1040.6379734669374,0.048090642785396,5740.0,5505.0
64,Target-1769,Target,1769,1048.58432937339,0.0472229784468673,5873.0,5269.0
65,Target-1834,Target,1834,975.457655797439,0.0448874419769431,4656.0,4622.0
66,Target-1858,Target,1858,1016.7357080227748,0.0475148643051397,5330.0,5351.0
67,Target-1861,Target,1861,971.274677268524,0.0485567415349961,4576.0,5611.0
68,Target-1874,Target,1874,968.4077312455282,0.0450173989814321,4526.0,4664.0
69,Target-1903,Target,1903,978.7253155413434,0.0460144099747019,4730.0,4918.0
70,Target-1905,Target,1905,966.4769104090586,0.049841538493584,4506.0,5962.0
71,Target-1907,Target,1907,1005.094386371198,0.0437611525767919,5139.0,4293.0
72,Target-1981,Target,1981,1055.7272675312688,0.0454087201467582,5985.0,4760.0
73,Target-2027,Target,2027,976.9404300936158,0.0471927434665061,4686.0,5261.0
74,Target-2046,Target,2046,1037.197675019283,0.0477006589339959,5670.0,5402.0
75,Target-2055,Target,2055,1009.2844286705052,0.0499969998462109,5206.0,6013.0
76,Target-2064,Target,2064,1003.7928558991272,0.0466053753823673,5119.0,5094.0
77,Target-2088,Target,2088,1056.2153888583532,0.044926938816462,5996.0,4637.0
78,Target-2140,Target,2140,1042.349567867031,0.0505451241607791,5773.0,6151.0
79,Target-2159,Target,2159,1037.6688234900332,0.0464397469682029,5682.0,5038.0
80,Target-2179,Target,2179,1017.1276218990712,0.0443393336232521,5338.0,4454.0
81,Target-2191,Target,2191,1056.0098394877375,0.0456682069159683,5990.0,4828.0
82,Target-2198,Target,2198,1058.069276084566,0.0459279609624772,6030.0,4897.0
83,Target-2199,Target,2199,1061.2766009809188,0.0434541889496134,6083.0,4195.0
84,Target-2203,Target,2203,1059.254885595824,0.0463562007081254,6050.0,5018.0
85,Filler-10,Filler,10,1016.5122712266818,0.0449704289993721,5324.0,4649.0
86,Filler-27,Filler,27,1018.2305855968528,0.0438757244263139,5364.0,4330.0
87,Filler-42,Filler,42,992.5682424358728,0.0445656937823384,4961.0,4519.0
88,Filler-64,Filler,64,1057.1195624228674,0.0468336574245757,6014.0,5159.0
89,Filler-81,Filler,81,1054.1155304167107,0.0449601166716998,5960.0,4646.0
90,Filler-90,Filler,90,1023.8993193821584,0.0500475299929544,5474.0,6027.0
91,Filler-96,Filler,96,977.1873885459424,0.0477756478759945,4695.0,5423.0
92,Filler-99,Filler,99,964.9163029398331,0.0468660102039486,4492.0,5168.0
93,Filler-103,Filler,103,1047.9460711779068,0.0496689000226431,5858.0,5906.0
94,Filler-110,Filler,110,1060.6398501145547,0.045950101565483,6071.0,4904.0
95,Filler-111,Filler,111,1063.400789210208,0.0469975023420743,6133.0,5208.0
96,Filler-165,Filler,165,957.4860834835748,0.0507384759822633,4355.0,6197.0
97,Filler-178,Filler,178,984.2736979140898,0.0438506451552187,4814.0,4318.0
98,Filler-179,Filler,179,1051.5020971640104,0.0464675942144629,5915.0,5046.0
99,Filler-184,Filler,184,1019.6663374172896,0.04990450296162,5383.0,5981.0
100,Filler-205,Filler,205,1054.2966998989154,0.0478129461305204,5962.0,5437.0
101,Filler-213,Filler,213,978.433183503692,0.0501512705224772,4723.0,6052.0
102,Filler-217,Filler,217,992.710635425676,0.0482787122544177,4963.0,5547.0
103,Filler-258,Filler,258,1061.4602625663665,0.0436080011527881,6089.0,4231.0
104,Filler-261,Filler,261,1058.4937650556028,0.0466087255586559,6038.0,5095.0
105,Filler-279,Filler,279,1014.6124130453728,0.0494329791371858,5296.0,5835.0
106,Filler-294,Filler,294,968.6931918007508,0.0463291183067725,4531.0,5006.0
107,Filler-322,Filler,322,969.3709221261786,0.0498962586281407,4548.0,5978.0
108,Filler-387,Filler,387,1067.1186851432244,0.0483490202994533,6209.0,5562.0
109,Filler-408,Filler,408,1022.4029480136678,0.0494359516362307,5436.0,5836.0
110,Filler-425,Filler,425,986.2471779004824,0.0500889381054119,4848.0,6038.0
111,Filler-445,Filler,445,997.6421030770564,0.0476237151425835,5033.0,5382.0
112,Filler-453,Filler,453,973.9037021301918,0.050335836009223,4624.0,6101.0
113,Filler-455,Filler,455,987.6875515687252,0.047561938449667,4872.0,5367.0
114,Filler-475,Filler,475,1042.102632770614,0.0455178937694189,5769.0,4785.0
115,Filler-489,Filler,489,965.3020433198484,0.0464771883206823,4494.0,5050.0
116,Filler-493,Filler,493,1043.3035022846975,0.0496775913064864,5792.0,5909.0
117,Filler-503,Filler,503,1027.8456117517958,0.0456513925501743,5521.0,4823.0
118,Filler-530,Filler,530,1065.95204984706,0.0491021333011495,6192.0,5741.0
119,Filler-538,Filler,538,1033.4241825278689,0.0458092405537178,5612.0,4864.0
120,Filler-548,Filler,548,1062.309788851586,0.0440104555514417,6109.0,4369.0
121,Filler-558,Filler,558,981.5306971523852,0.0494151555551795,4765.0,5830.0
122,Filler-568,Filler,568,1051.3853382066802,0.0467874091865348,5913.0,5150.0
123,Filler-572,Filler,572,975.2230687212864,0.0446478872344422,4646.0,4544.0
124,Filler-583,Filler,583,1004.2904706427196,0.0495505581179473,5128.0,5875.0
125,Filler-587,Filler,587,1046.5441874635735,0.0462113436990291,5841.0,4975.0
126,Filler-613,Filler,613,1018.033938586372,0.0442168784338771,5359.0,4422.0
127,Filler-642,Filler,642,957.9892137079864,0.0498220035086152,4365.0,5954.0
128,Filler-674,Filler,674,1069.9374128873706,0.0453479101058886,6258.0,4750.0
129,Filler-692,Filler,692,946.2561889185208,0.0434032492093521,4178.0,4179.0
130,Filler-732,Filler,732,980.7680734610047,0.0469987569484433,4758.0,5211.0
131,Filler-763,Filler,763,1019.5323339761457,0.0480122460059084,5382.0,5487.0
132,Filler-773,Filler,773,1013.9289781147696,0.044716652783448,5282.0,4569.0
133,Filler-782,Filler,782,1068.7996158479696,0.0480431605186627,6238.0,5496.0
134,Filler-797,Filler,797,953.399551053676,0.0461729566194365,4292.0,4964.0
135,Filler-819,Filler,819,1035.3595157774537,0.0492287632420109,5639.0,5777.0
136,Filler-828,Filler,828,949.5392380479176,0.046406979017079,4233.5,5026.0
137,Filler-845,Filler,845,1033.653366848607,0.0456110091107649,5616.0,4809.0
138,Filler-848,Filler,848,1038.6650662485526,0.0509162042068355,5700.0,6242.0
139,Filler-856,Filler,856,1013.7186064516516,0.0456471603108855,5280.0,4819.0
140,Filler-898,Filler,898,971.9876454249784,0.045114384581486,4589.0,4698.0
141,Filler-912,Filler,912,987.7920926459336,0.0466756449691524,4874.0,5117.0
142,Filler-914,Filler,914,968.8843320352236,0.0440801111131054,4535.0,4389.0
143,Filler-981,Filler,981,954.2066166142406,0.0491493185923461,4304.0,5752.0
144,Filler-996,Filler,996,998.179762065758,0.0488835489563146,5042.0,5691.0
145,Filler-1005,Filler,1005,1052.0457631386762,0.0468773265097555,5925.0,5170.0
146,Filler-1032,Filler,1032,1041.2252370358322,0.0459554337855516,5749.0,4905.0
147,Filler-1060,Filler,1060,973.89456888061,0.0483076410768474,4623.0,5551.0
148,Filler-1085,Filler,1085,951.5591028744132,0.0487383411259154,4264.0,5653.0
149,Filler-1104,Filler,1104,999.47131104779,0.0465367404475883,5059.0,5070.0
150,Filler-1110,Filler,1110,971.8676926764967,0.050586414225882,4586.0,6161.0
151,Filler-1142,Filler,1142,1052.8502686698334,0.0444021288269042,5938.0,4474.0
152,Filler-1172,Filler,1172,1026.6569276191228,0.0439799691419347,5506.0,4362.0
153,Filler-1190,Filler,1190,1055.798970989365,0.0469058905707532,5986.0,5182.0
154,Filler-1230,Filler,1230,968.1864263295982,0.0441279171602803,4523.0,4404.0
155,Filler-1237,Filler,1237,1044.2621593480303,0.0492412348394693,5806.0,5783.0
156,Filler-1278,Filler,1278,1064.1598254188116,0.0442147704472573,6153.0,4421.0
157,Filler-1297,Filler,1297,1041.673952019275,0.0487428428385248,5757.0,5656.0
158,Filler-1317,Filler,1317,1028.3572325463847,0.0458940783935975,5527.0,4889.0
159,Filler-1319,Filler,1319,1012.2008858610473,0.0493726030272285,5262.0,5822.0
160,Filler-1333,Filler,1333,992.9905114277864,0.0459901247619307,4968.0,4912.0
161,Filler-1358,Filler,1358,972.4508775868704,0.0466417653191187,4599.0,5106.0
162,Filler-1362,Filler,1362,1050.3055527791778,0.0471681714370175,5899.0,5253.0
163,Filler-1365,Filler,1365,977.2917696111464,0.0454581318551553,4697.0,4768.0
164,Filler-1407,Filler,1407,1010.6750041123988,0.0449421964863723,5234.0,4640.0
165,Filler-1444,Filler,1444,947.4918840784744,0.0452191611906358,4200.0,4723.0
166,Filler-1449,Filler,1449,1042.5245497968242,0.0464975718412046,5774.0,5060.0
167,Filler-1505,Filler,1505,1033.5454359599594,0.0435547957841485,5614.0,4221.0
168,Filler-1510,Filler,1510,948.6970061611725,0.0506377987679786,4221.0,6169.0
169,Filler-1527,Filler,1527,1001.1471347903204,0.0488371705556125,5082.0,5679.0
170,Filler-1529,Filler,1529,1025.899679263044,0.0506582794219025,5495.0,6175.0
171,Filler-1565,Filler,1565,1004.8974206958192,0.0469597509555941,5135.0,5194.0
172,Filler-1568,Filler,1568,972.230791998772,0.0467152816034328,4595.0,5131.0
173,Filler-1588,Filler,1588,976.3708950264408,0.0435280024940801,4674.0,4212.0
174,Filler-1598,Filler,1598,1009.0680444750913,0.0448923742699353,5205.0,4624.0
175,Filler-1622,Filler,1622,995.6128364670756,0.0467094196515561,5005.0,5128.0
176,Filler-1632,Filler,1632,982.9731300407718,0.045244089213277,4798.0,4729.0
177,Filler-1633,Filler,1633,1064.8178406384084,0.0502952067046645,6170.0,6093.0
178,Filler-1668,Filler,1668,1048.0245535336978,0.0478310944344223,5860.0,5446.0
179,Filler-1697,Filler,1697,1058.1726550185542,0.0460756931668254,6031.0,4932.0
180,Filler-1712,Filler,1712,1017.2374011883788,0.046081301161597,5340.0,4934.0
181,Filler-1723,Filler,1723,970.624392252525,0.0476553227371515,4561.0,5388.0
182,Filler-1744,Filler,1744,989.0809510944694,0.045348285148879,4900.0,4751.0
183,Filler-1746,Filler,1746,1014.5871526365332,0.0503604464773228,5295.0,6110.0
184,Filler-1769,Filler,1769,969.2981019530883,0.0493457618670823,4544.0,5812.0
185,Filler-1814,Filler,1814,1024.8332642355535,0.0445330139395428,5482.0,4512.0
186,Filler-1835,Filler,1835,958.1801423600692,0.0437409383929902,4370.0,4282.0
187,Filler-1867,Filler,1867,964.3045703136548,0.0465830278573355,4482.0,5084.0
188,Filler-1874,Filler,1874,1046.5174981504435,0.0466178807998432,5840.0,5099.0
189,Filler-1881,Filler,1881,1018.9140104757728,0.0484556122449429,5371.0,5583.0
190,Filler-1891,Filler,1891,1020.6554121432692,0.0459680602575441,5403.0,4907.0
191,Filler-1963,Filler,1963,961.6015426204712,0.0489476985713588,4432.0,5703.0
192,Filler-2067,Filler,2067,988.6476595733292,0.0436095519491475,4895.0,4232.0
193,Filler-2092,Filler,2092,1019.1739253595229,0.0495349009203381,5377.0,5868.0
194,Filler-2117,Filler,2117,998.4063992397952,0.0461433971792807,5047.0,4952.0
195,Filler-2121,Filler,2121,1014.4699180650794,0.0476229665527415,5292.0,5381.0
196,Filler-2155,Filler,2155,975.3552724645884,0.0454866394191602,4649.0,4777.0
197,Filler-2191,Filler,2191,978.065828394654,0.0497965374962545,4716.0,5946.0
198,Filler-2209,Filler,2209,1023.0469404815032,0.0498331050465765,5445.0,5959.0
199,Filler-2226,Filler,2226,956.8389769272368,0.0479338214380158,4348.0,5467.0
200,Filler-2272,Filler,2272,1049.039910593092,0.0498856339284997,5877.0,5975.0
201,Filler-2310,Filler,2310,1051.2141710674134,0.0508682302909663,5909.0,6231.0
202,Filler-2331,Filler,2331,998.0711759168912,0.044859010359364,5041.0,4613.0
203,Filler-2349,Filler,2349,981.9338751581016,0.0498702571227413,4774.0,5971.0
204,Filler-2364,Filler,2364,958.1461462502532,0.0461036605676623,4368.0,4937.0
205,Filler-2373,Filler,2373,983.6590899203952,0.0492864622876225,4810.0,5794.0
206,Filler-2376,Filler,2376,1034.1251211684062,0.0466554058438373,5624.0,5112.0
207,Filler-2386,Filler,2386,1058.6901340023455,0.0462230046841334,6041.0,4978.0
208,Filler-2399,Filler,2399,1009.8962295765076,0.046545178274602,5224.0,5073.0
209,Filler-2428,Filler,2428,1054.031422098906,0.0452387003039569,5959.0,4728.0
210,Filler-2444,Filler,2444,1025.439631443943,0.0491298063584288,5487.0,5747.0
211,Filler-2458,Filler,2458,1056.1815666677428,0.0450310224930324,5994.0,4673.0
212,Filler-2474,Filler,2474,1064.0621701020789,0.050510194754901,6150.0,6143.0
213,Filler-2513,Filler,2513,1014.3790551574684,0.0438323211235226,5291.0,4311.0
214,Filler-2558,Filler,2558,1056.3435514363002,0.0456539055718962,5998.0,4825.0
215,Filler-2589,Filler,2589,948.9471880286322,0.0451899473172243,4223.0,4713.0
216,Filler-2606,Filler,2606,946.6503103949922,0.0462766925770177,4182.0,4995.0
217,Filler-2651,Filler,2651,948.3749846097844,0.0462556355932381,4216.0,4987.0
218,Filler-2731,Filler,2731,1066.3764614396575,0.0483795170591837,6199.0,5570.0
219,Filler-2746,Filler,2746,977.7441218771288,0.0500005534030943,4709.0,6016.0
220,Filler-2754,Filler,2754,1056.6078704979504,0.0443916710700449,6006.0,4472.0
221,Filler-2765,Filler,2765,948.4853470781552,0.0469574848703841,4218.0,5193.0
222,Filler-2893,Filler,2893,1059.9018764752875,0.0436831112786978,6058.0,4254.0
223,Filler-2929,Filler,2929,972.1343838838768,0.0474898465032587,4594.0,5343.0
224,Filler-2955,Filler,2955,973.3328684623366,0.0460970509817036,4612.0,4936.0
225,Filler-2967,Filler,2967,1036.6839787581114,0.0495909867175262,5662.0,5885.0
226,Filler-2976,Filler,2976,949.5392380479176,0.0507424854313729,4233.5,6200.0
227,Filler-2988,Filler,2988,1022.1942260869708,0.0506878834760377,5433.0,6182.0
228,Filler-3020,Filler,3020,1028.8356698248606,0.050233975402217,5536.0,6074.0
229,Filler-3030,Filler,3030,975.5861555866004,0.0500720154588472,4659.0,6032.0
230,Filler-3108,Filler,3108,971.3381435281748,0.0472632996942395,4578.0,5279.0
231,Filler-3159,Filler,3159,971.3975814471612,0.0501934728280597,4579.0,6062.0
232,Filler-3167,Filler,3167,985.1526669247088,0.048148580008052,4832.0,5516.0
233,Filler-3192,Filler,3192,951.5154185251412,0.0456231591576392,4263.0,4815.0
234,Filler-3236,Filler,3236,951.7103525074716,0.0496670107178532,4269.0,5905.0
235,Filler-3247,Filler,3247,1040.578701443441,0.0474981720735145,5738.0,5345.0
236,Filler-3296,Filler,3296,1016.8872269143076,0.0463319995891605,5334.0,5007.0
237,Filler-3317,Filler,3317,1063.6908859256682,0.0470354133688087,6145.0,5220.0
238,Filler-3336,Filler,3336,1046.8206143680156,0.0458347119937431,5846.0,4870.0
239,Filler-3382,Filler,3382,1031.9043264065583,0.050739926254852,5586.0,6199.0
240,Filler-3434,Filler,3434,1023.0905961168332,0.0442246804140605,5451.0,4425.0
241,Filler-3462,Filler,3462,953.3515835566536,0.0442589506625448,4291.0,4433.0
242,Filler-3597,Filler,3597,1045.6246040000717,0.0447773255355,5829.0,4588.0
243,Filler-3610,Filler,3610,1010.89967686076,0.0437050458131795,5239.0,4262.0
244,Filler-3623,Filler,3623,1039.212124306203,0.050268984749217,5711.0,6085.0
245,Filler-3632,Filler,3632,1030.614125937912,0.0460280169889217,5564.0,4921.0
246,Filler-3643,Filler,3643,956.5946317455672,0.050527246670865,4345.0,6147.0
247,Filler-3645,Filler,3645,1036.1256666900686,0.0492910992244665,5649.0,5798.0
248,Filler-3650,Filler,3650,976.3959880368848,0.0492285572325541,4675.0,5775.0
249,Filler-3653,Filler,3653,984.924697889634,0.0506716300167117,4827.0,6179.0
250,Filler-3654,Filler,3654,1009.6337655891084,0.0480354547214471,5217.0,5493.0
251,Filler-3699,Filler,3699,1039.8014632752586,0.0463457975194509,5722.0,5014.0
252,Filler-3760,Filler,3760,1046.0040531106602,0.0487481023930632,5833.0,5658.0
253,Filler-3796,Filler,3796,1048.6158877908529,0.0475960508122587,5874.0,5376.0
254,Filler-3814,Filler,3814,971.8032694176048,0.0436125786593985,4585.0,4235.0
255,Filler-3881,Filler,3881,959.4355748222716,0.0505732860640755,4394.0,6159.0
256,Filler-3968,Filler,3968,985.306991531294,0.0487991251046671,4836.0,5669.0
257,Filler-3997,Filler,3997,1059.000429181845,0.0434329618649763,6045.0,4190.0
258,Filler-4046,Filler,4046,1010.9662134501684,0.0459320780862629,5243.0,4900.0
259,Filler-4081,Filler,4081,1028.8571215411455,0.046681915874915,5538.0,5119.0
260,Filler-4112,Filler,4112,949.3699878048092,0.0450051905780335,4229.0,4660.0
261,Filler-4213,Filler,4213,1033.9287769027312,0.049992997901777,5617.0,6012.0
262,Filler-4232,Filler,4232,1054.5930821517725,0.0498240781953702,5968.0,5955.0
263,Filler-4248,Filler,4248,1007.5859297926936,0.0497940963985981,5181.0,5945.0
264,Filler-4253,Filler,4253,949.7767493393088,0.0435067378838926,4236.0,4207.0
265,Filler-4269,Filler,4269,968.5142859336604,0.0454194161398972,4528.0,4764.0
266,Filler-4273,Filler,4273,1045.539356929066,0.0441038715071887,5827.0,4398.0
267,Filler-4285,Filler,4285,1064.684338966105,0.0488434417814343,6165.0,5681.0
268,Filler-4289,Filler,4289,947.851641112453,0.0464340806341009,4205.0,5037.0
269,Filler-4303,Filler,4303,1042.9806102617172,0.0471846341715241,5779.0,5258.0
270,Filler-4304,Filler,4304,952.8246068958414,0.0438482211632864,4285.0,4315.0
271,Filler-4318,Filler,4318,955.0072123491908,0.0465863121167628,4317.0,5088.0
272,Filler-4331,Filler,4331,992.1576974918536,0.0489746221954689,4950.0,5711.0
273,Filler-4383,Filler,4383,993.4314285353618,0.0442778922400699,4976.0,4439.0
274,Filler-4389,Filler,4389,979.8183426569,0.0471675896690501,4742.0,5252.0
275,Filler-4406,Filler,4406,1061.2408607931238,0.0499580951077233,6080.0,5996.0
276,Filler-4430,Filler,4430,1031.4907766940066,0.0475266877424135,5581.0,5354.0
277,Filler-4442,Filler,4442,1049.1689531751265,0.0464533622293613,5879.0,5042.0
278,Filler-4474,Filler,4474,1069.0944584261365,0.0443724566486591,6245.0,4469.0
279,Filler-4509,Filler,4509,975.3610595105326,0.0482666512464875,4651.0,5545.0
280,Filler-4542,Filler,4542,988.5424428481344,0.0473023035522834,4892.0,5291.0
281,Filler-4557,Filler,4557,1054.6820688887449,0.0497847582055792,5970.0,5941.0
282,Filler-4600,Filler,4600,1043.0731688097153,0.0499634155790899,5782.0,5998.0
283,Filler-4633,Filler,4633,989.4011722656264,0.0493454655498453,4906.0,5811.0
284,Filler-4683,Filler,4683,1028.046659837241,0.0506467298629177,5524.0,6172.0
285,Filler-4703,Filler,4703,1029.4717042393293,0.0487605720669198,5547.0,5662.0
286,Filler-4735,Filler,4735,1057.7603944343307,0.0467678848297042,6024.0,5145.0
287,Filler-4749,Filler,4749,972.4580485069324,0.044096194813698,4600.0,4394.0
288,Filler-4781,Filler,4781,1020.1926455288226,0.0509780385187477,5392.0,6259.0
289,Filler-4819,Filler,4819,987.471572141412,0.0492469791871809,4867.0,5786.0
290,Filler-4824,Filler,4824,1024.7627551774465,0.0444373953736802,5480.0,4482.0
291,Filler-4833,Filler,4833,1032.1381710020212,0.0447091073490463,5589.0,4564.0
292,Filler-4839,Filler,4839,1007.2767642739972,0.0482401617658739,5174.0,5541.0
293,Filler-4844,Filler,4844,1033.084222139669,0.048879016261417,5604.0,5690.0
294,Filler-4863,Filler,4863,985.1320172267168,0.0499352210898665,4831.0,5988.0
295,Filler-4890,Filler,4890,1048.4634064371214,0.0458929104801197,5871.0,4887.0
296,Filler-4896,Filler,4896,981.7252790935826,0.0450250545393454,4771.0,4670.0
297,Filler-4968,Filler,4968,992.9479947875936,0.0462198114258866,4967.0,4977.0
298,Filler-5027,Filler,5027,980.4496885661116,0.0480009627233305,4750.0,5482.0
299,Filler-5092,Filler,5092,978.0490228029504,0.0435643626215877,4715.0,4225.0
300,Filler-5093,Filler,5093,1061.341157907974,0.0442327263229915,6086.0,4428.0
301,Filler-5130,Filler,5130,976.869664743602,0.0441196119415726,4683.0,4401.0
302,Filler-5160,Filler,5160,1061.7309534398323,0.0464800551928402,6093.0,5051.0
303,Filler-5177,Filler,5177,1059.0331980829226,0.0462544531957864,6047.0,4986.0
304,Filler-5196,Filler,5196,959.7220661601492,0.0506672479168885,4399.0,6178.0
305,Filler-5240,Filler,5240,1000.490235635154,0.0491709364714928,5075.0,5755.0
306,Filler-5243,Filler,5243,971.1622822591522,0.0502120769420842,4572.0,6069.0
307,Filler-5248,Filler,5248,958.739800510064,0.0481442004358893,4384.0,5514.0
308,Filler-5252,Filler,5252,981.4060929846096,0.0497867207060412,4764.0,5942.0
309,Filler-5258,Filler,5258,983.501454107298,0.048264781560338,4808.0,5544.0
310,Filler-5287,Filler,5287,971.9225985348204,0.0470813800407799,4588.0,5234.0
311,Filler-5289,Filler,5289,982.4293637209952,0.0468493283521702,4784.0,5162.0
312,Filler-5309,Filler,5309,1007.60613301326,0.0484724143823441,5182.0,5588.0
313,Filler-5312,Filler,5312,1056.4608148970594,0.0498713772492161,6002.0,5972.0
314,Filler-5317,Filler,5317,977.7780390084456,0.0460001837278963,4710.0,4916.0
315,Filler-5328,Filler,5328,1034.9497695819084,0.0487415945276066,5632.0,5655.0
316,Filler-5334,Filler,5334,1000.7727257947804,0.0448147571196637,5077.0,4599.0
317,Filler-5338,Filler,5338,988.8066905174866,0.0508705188436748,4898.0,6232.0
318,Filler-5339,Filler,5339,1063.686771325209,0.0508957120387274,6144.0,6237.0
319,Filler-5346,Filler,5346,969.333435843624,0.0448961986089851,4546.0,4625.0
320,Filler-5398,Filler,5398,951.6901550965608,0.0490644935527603,4268.0,5734.0
321,Filler-5439,Filler,5439,951.6056607610608,0.0498390369834065,4266.0,5961.0
322,Filler-5469,Filler,5469,976.2868252507884,0.0462421335000761,4671.0,4984.0
323,Filler-5486,Filler,5486,1053.2114522952838,0.0440104250658768,5944.0,4368.0
324,Filler-5527,Filler,5527,1013.2236160895804,0.0448650559056085,5272.0,4616.0
325,Filler-5559,Filler,5559,988.3073277531504,0.0484642287647125,4885.0,5585.0
326,Filler-5567,Filler,5567,1058.9488579753845,0.0502099022746146,6044.0,6067.0
327,Filler-5596,Filler,5596,1046.634358594119,0.0449163774396532,5844.0,4631.0
328,Filler-5607,Filler,5607,1014.0775003405316,0.0449294265030867,5287.0,4639.0
329,Filler-5642,Filler,5642,1060.5645237947176,0.0468075051732675,6070.0,5155.0
330,Filler-5688,Filler,5688,986.738034346808,0.0439109114436203,4857.0,4345.0
331,Filler-5734,Filler,5734,1035.4238219342558,0.0505506408066815,5640.0,6153.0
332,Filler-5766,Filler,5766,1068.1430163046346,0.0447000169294737,6229.0,4560.0
333,Filler-5800,Filler,5800,993.0539955405068,0.0480581085998398,4969.0,5501.0
334,Filler-5840,Filler,5840,1023.6539481762558,0.0464318992818562,5469.0,5035.0
335,Filler-5880,Filler,5880,1048.487977373543,0.0483475137236391,5872.0,5561.0
336,Filler-5911,Filler,5911,1062.9097850766263,0.0493117458317427,6125.0,5804.0
337,Filler-5914,Filler,5914,980.247125757774,0.0487318287323473,4747.0,5650.0
338,Filler-5962,Filler,5962,1005.4354963898602,0.0450520126337085,5145.0,4679.0
339,Filler-5966,Filler,5966,952.2978222790564,0.0465694243693052,4278.0,5079.0
340,Filler-6063,Filler,6063,1041.9072597737927,0.0441484977445811,5762.0,4411.0
341,Filler-6083,Filler,6083,1052.4511087712422,0.0506954945099564,5930.0,6185.0
342,Filler-6095,Filler,6095,1050.4943218543915,0.0473365565214667,5900.0,5300.0
343,Filler-6183,Filler,6183,1015.850853878478,0.0465849329657326,5313.0,5086.0
344,Filler-6197,Filler,6197,1015.7762479236588,0.0444749535584154,5312.0,4490.0
345,Filler-6211,Filler,6211,982.9736875319824,0.0486963410794417,4799.0,5638.0
346,Filler-6213,Filler,6213,1020.5515648188596,0.0472089417539486,5400.0,5266.0
347,Filler-6219,Filler,6219,961.502563905632,0.0462290758476776,4429.0,4981.0
348,Filler-6241,Filler,6241,961.454977056752,0.0463923548498184,4428.0,5021.0
349,Filler-6265,Filler,6265,963.5424155338848,0.0439125630790848,4467.0,4346.0
350,Filler-6278,Filler,6278,987.5704778840128,0.0453307179836032,4869.0,4746.0
351,Filler-6308,Filler,6308,977.7042405616628,0.049818026452271,4707.0,5953.0
352,Filler-6324,Filler,6324,1023.097273705886,0.0488069653233609,5452.0,5671.0
353,Filler-6387,Filler,6387,1055.1155556918336,0.044715070840759,5973.0,4567.0
354,Filler-6388,Filler,6388,990.0811740851876,0.0491645927459789,4915.0,5754.0
355,Filler-6403,Filler,6403,1013.451500085704,0.050276400245976,5276.0,6088.0
356,Filler-6417,Filler,6417,1028.9689768274743,0.0450837602143643,5542.0,4690.0
357,Filler-6470,Filler,6470,1032.90844766632,0.0482398497916237,5603.0,5540.0
358,Filler-6480,Filler,6480,1069.6593706928434,0.0477393196854967,6253.0,5413.0
359,Filler-6500,Filler,6500,1061.3219005076503,0.0499744265132088,6085.0,6005.0
360,Filler-6503,Filler,6503,1014.0120972393144,0.046562546954748,5284.0,5078.0
361,Filler-6510,Filler,6510,1069.9686406493884,0.0446426323247216,6259.0,4541.0
362,Filler-6538,Filler,6538,1001.7821345890022,0.049864696214111,5090.0,5969.0
363,Filler-6545,Filler,6545,1014.0591323079528,0.0464765307324456,5286.0,5049.0
364,Filler-6562,Filler,6562,1060.319829112714,0.0457272399461244,6063.0,4847.0
365,Filler-6571,Filler,6571,1038.927124957059,0.0450338851375692,5705.0,4674.0
366,Filler-6598,Filler,6598,966.7508126053606,0.0435781800497879,4508.0,4228.0
367,Filler-6601,Filler,6601,1011.002434442474,0.044010905232844,5244.0,4370.0
368,Filler-6639,Filler,6639,1050.87861675878,0.0478850009925476,5906.0,5454.0
369,Filler-6668,Filler,6668,1025.8377318950284,0.0503416704394167,5493.0,6103.0
370,Filler-6669,Filler,6669,1056.5177123293142,0.0477410696880442,6003.0,5414.0
371,Filler-6704,Filler,6704,1051.7867581758403,0.0483645501289853,5920.0,5568.0
372,Filler-6705,Filler,6705,956.4659796581768,0.0485294507236347,4344.0,5605.0
373,Filler-6711,Filler,6711,999.8838267530468,0.0477451827605541,5064.0,5415.0
374,Filler-6715,Filler,6715,985.6001081028206,0.0480024240151766,4841.0,5483.0
375,Filler-6748,Filler,6748,1058.7103868025815,0.0456113841074004,6042.0,4810.0
376,Filler-6765,Filler,6765,1041.7044229250168,0.0496450681055771,5759.0,5897.0
377,Filler-6766,Filler,6766,993.6596728622686,0.0488515196329204,4979.0,5685.0
378,Filler-6778,Filler,6778,951.7762423681424,0.0504596657895518,4271.0,6129.0
379,Filler-6784,Filler,6784,969.9403701710944,0.0473565741858645,4556.0,5307.0
380,Filler-6805,Filler,6805,987.8937691329768,0.0479095924640509,4875.0,5458.0
381,Filler-6818,Filler,6818,956.0067620722186,0.0470271496706348,4330.0,5217.0
382,Filler-6883,Filler,6883,1050.7056154772329,0.0473351436836233,5905.0,5299.0
383,Filler-6892,Filler,6892,1069.1164266205467,0.0492262659983522,6247.0,5774.0
384,Filler-6908,Filler,6908,977.4003967620932,0.0499377375443263,4701.0,5989.0
385,Filler-6911,Filler,6911,956.305530641967,0.0470094035318992,4338.0,5214.0
386,Filler-6921,Filler,6921,1026.227775581347,0.0458842210801207,5501.0,4884.0
387,Filler-6924,Filler,6924,983.5089176030414,0.050197203801854,4809.0,6064.0
388,Filler-6944,Filler,6944,1048.0245595905656,0.0458467078971183,5861.0,4873.0
389,Filler-6987,Filler,6987,1010.939215232588,0.0447917629735457,5241.0,4594.0
390,Filler-7058,Filler,7058,948.4819963120134,0.0469694326418531,4217.0,5196.0
391,Filler-7074,Filler,7074,998.932906951929,0.044760018106459,5053.0,4583.0
392,Filler-7110,Filler,7110,1015.744370939132,0.0498162836797831,5311.0,5952.0
393,Filler-7136,Filler,7136,1009.4793728525868,0.044798277195372,5213.0,4595.0
394,Filler-7171,Filler,7171,982.4660437383808,0.0458202428215342,4786.0,4868.0
395,Filler-7262,Filler,7262,1044.3110434133514,0.0477633519035802,5807.0,5420.0
396,Filler-7290,Filler,7290,1037.485791615886,0.0496228788839175,5678.0,5891.0
397,Filler-7304,Filler,7304,1019.0577519887398,0.0449753113232373,5375.0,4652.0
398,Filler-7345,Filler,7345,957.6191019867008,0.0493895495698976,4356.0,5825.0
399,Filler-7349,Filler,7349,1045.663872292639,0.0450006972498578,5830.0,4658.0
400,Filler-7355,Filler,7355,973.543138149265,0.047447722568763,4619.0,5330.0
401,Filler-7360,Filler,7360,1026.2533435187054,0.0450539415071916,5502.0,4680.0
402,Filler-7394,Filler,7394,1063.3177832670603,0.0477824441925077,6130.0,5424.0
403,Filler-7424,Filler,7424,993.2904946889424,0.0443922719007907,4973.0,4473.0
404,Filler-7449,Filler,7449,1029.699864926879,0.050161888823818,5550.0,6053.0
405,Filler-7508,Filler,7508,1015.3309800960246,0.0457812696782059,5306.0,4857.0
406,Filler-7515,Filler,7515,995.8554139250374,0.0508251175894912,5010.0,6219.0
407,Filler-7523,Filler,7523,1039.542714934856,0.0497121099631021,5718.0,5920.0
408,Filler-7526,Filler,7526,1055.1958454680216,0.0450942689506268,5977.0,4695.0
409,Filler-7581,Filler,7581,1042.3093282290033,0.0502100368298746,5772.0,6068.0
410,Filler-7585,Filler,7585,958.5573827914752,0.0469027438165085,4380.0,5180.0
411,Filler-7607,Filler,7607,1021.4703797513783,0.0436308833142358,5423.0,4240.0
412,Filler-7636,Filler,7636,961.6567790309476,0.0486969527009227,4434.0,5639.0
413,Filler-7649,Filler,7649,982.6025772837938,0.0462956063946671,4790.0,4998.0
414,Filler-7746,Filler,7746,1012.8026513290306,0.0477331898607352,5266.0,5411.0
415,Filler-7812,Filler,7812,1034.1588765998763,0.0506803907841375,5627.0,6181.0
416,Filler-7835,Filler,7835,1064.7309764289998,0.0499981034450799,6167.0,6014.0
417,Filler-7855,Filler,7855,1007.2857628202264,0.0470474859903037,5175.0,5225.0
418,Filler-7882,Filler,7882,962.9106035674351,0.0498813143118451,4455.0,5973.0
419,Filler-7899,Filler,7899,1020.0308211282946,0.0447398531339607,5389.0,4576.0
420,Filler-7919,Filler,7919,1000.3057471377956,0.0468988349586639,5071.0,5178.0
421,Filler-7937,Filler,7937,1068.1478535584756,0.0489693158488796,6230.0,5709.0
422,Filler-7982,Filler,7982,967.0687298511688,0.0469059621601622,4511.0,5183.0
423,Filler-8008,Filler,8008,962.1196282876946,0.0483347482598097,4441.0,5556.0
