,Index,Image type,Image index,Distinctiveness,Reconstruction error,Distinctiveness rank,RE rank,RE group,Dist group,Rank diff,Rank sum
0,Target-3,Target,3,821.5922649509689,0.0703743824316177,2604.0,9215.0,Large,Small,,
1,Target-8,Target,8,819.1072693656862,0.0732696261091581,2578.0,9423.0,Large,Small,,
2,Target-16,Target,16,633.8745878029805,0.0637140650858218,1061.0,8528.0,Large,Small,,
3,Target-113,Target,113,744.8578720407977,0.0615351276510992,1847.0,8231.0,Large,Small,,
4,Target-121,Target,121,679.6192075490202,0.064591135702429,1336.0,8648.0,Large,Small,,
5,Target-154,Target,154,805.3588776220466,0.0647333795246514,2430.0,8663.0,Large,Small,,
6,Target-177,Target,177,769.1451144900943,0.0600058914307014,2062.0,8033.0,Large,Small,,
7,Target-195,Target,195,820.9000122382815,0.0627839167840376,2595.0,8402.0,Large,Small,,
8,Target-202,Target,202,732.7213949901561,0.0610480344448606,1750.0,8164.0,Large,Small,,
9,Target-205,Target,205,740.2271588910229,0.0719157033025966,1814.0,9325.0,Large,Small,,
10,Target-270,Target,270,801.2366213086032,0.1043384324382701,2383.0,10259.0,Large,Small,,
11,Target-274,Target,274,773.048950351334,0.0681337636067346,2096.0,9022.0,Large,Small,,
12,Target-328,Target,328,778.2627437482422,0.0633621851568049,2154.0,8473.0,Large,Small,,
13,Target-332,Target,332,762.8247828482506,0.0674055319543754,1999.0,8944.0,Large,Small,,
14,Target-340,Target,340,742.7135062112369,0.0642414021981617,1831.0,8615.0,Large,Small,,
15,Target-404,Target,404,719.3609855175375,0.0633496458103818,1627.0,8472.0,Large,Small,,
16,Target-474,Target,474,711.1184275042975,0.0678319523495212,1570.0,8986.0,Large,Small,,
17,Target-479,Target,479,746.2370347075517,0.0910775489077108,1860.0,10076.0,Large,Small,,
18,Target-549,Target,549,710.9521348626845,0.0689106290257143,1569.0,9093.0,Large,Small,,
19,Target-570,Target,570,743.6646495781251,0.0668826757163796,1838.0,8880.0,Large,Small,,
20,Target-583,Target,583,736.4554072238434,0.0731154609218658,1776.0,9415.0,Large,Small,,
21,Target-609,Target,609,690.7536211987964,0.0588358579307045,1431.0,7854.0,Large,Small,,
22,Target-667,Target,667,690.0523132735001,0.0624165360584263,1424.0,8349.0,Large,Small,,
23,Target-737,Target,737,738.8794774897776,0.0617813605710747,1802.0,8271.0,Large,Small,,
24,Target-771,Target,771,739.1301475354779,0.0594557210945555,1804.0,7940.0,Large,Small,,
25,Target-773,Target,773,789.4896311127318,0.0717087586411786,2249.0,9310.0,Large,Small,,
26,Target-782,Target,782,752.1652772501233,0.0646822968596526,1901.0,8658.0,Large,Small,,
27,Target-790,Target,790,795.026377715447,0.0594643704715264,2310.0,7941.0,Large,Small,,
28,Target-902,Target,902,814.877476493491,0.0720316853438893,2540.0,9335.0,Large,Small,,
29,Target-985,Target,985,763.6673400281328,0.0597048022814715,2011.0,7987.0,Large,Small,,
30,Target-1019,Target,1019,0.0,0.0625378687762321,17.5,8369.5,Large,Small,,
31,Target-1021,Target,1021,802.1817137321167,0.0891599729118245,2400.0,10030.0,Large,Small,,
32,Target-1140,Target,1140,722.6916894402855,0.0791372789637009,1663.0,9713.0,Large,Small,,
33,Target-1165,Target,1165,787.74846809575,0.0634151149162017,2235.0,8481.0,Large,Small,,
34,Target-1216,Target,1216,625.8399759084127,0.0623333762264178,1016.0,8341.0,Large,Small,,
35,Target-1234,Target,1234,800.1036430873572,0.060062377370158,2372.0,8039.0,Large,Small,,
36,Target-1235,Target,1235,668.8151333818607,0.0621247924316033,1276.0,8317.0,Large,Small,,
37,Target-1306,Target,1306,807.0335306629228,0.0592438683582283,2455.0,7912.0,Large,Small,,
38,Target-1380,Target,1380,817.2218356096112,0.0670781475616823,2564.0,8908.0,Large,Small,,
39,Target-1395,Target,1395,789.3016095928633,0.0607410117388291,2247.0,8126.0,Large,Small,,
40,Target-1436,Target,1436,772.9040824713136,0.0602296946867222,2094.0,8062.0,Large,Small,,
41,Target-1458,Target,1458,535.4588011098105,0.1052378951996833,564.5,10265.0,Large,Small,,
42,Target-1529,Target,1529,807.3593047639508,0.0689734448897062,2457.0,9098.0,Large,Small,,
43,Target-1591,Target,1591,694.4224930312538,0.0714581212959568,1449.0,9297.0,Large,Small,,
44,Target-1604,Target,1604,806.7804817602985,0.0609069968316588,2449.0,8146.0,Large,Small,,
45,Target-1658,Target,1658,765.7832929162264,0.0595240848164996,2029.0,7950.0,Large,Small,,
46,Target-1673,Target,1673,65.95552057093715,0.0618079320439521,35.5,8280.0,Large,Small,,
47,Target-1726,Target,1726,728.3196343113484,0.0606534076644176,1717.0,8110.0,Large,Small,,
48,Target-1748,Target,1748,619.8443637839476,0.0736140909199452,980.0,9438.0,Large,Small,,
49,Target-1854,Target,1854,755.9197188144034,0.0599488842216725,1948.0,8025.0,Large,Small,,
50,Target-1988,Target,1988,796.9599181556165,0.058759676512351,2334.0,7841.0,Large,Small,,
51,Target-2034,Target,2034,744.9203500119693,0.0645887040568368,1849.0,8647.0,Large,Small,,
52,Target-2047,Target,2047,801.4854278191078,0.0683499207470493,2390.0,9036.0,Large,Small,,
53,Target-2048,Target,2048,746.5566369527161,0.065518784261983,1863.0,8739.0,Large,Small,,
54,Target-2130,Target,2130,724.9673481940004,0.0619778277982227,1681.0,8302.0,Large,Small,,
55,Filler-15,Filler,15,797.9157627995622,0.0588981498262036,2344.0,7869.0,Large,Small,,
56,Filler-68,Filler,68,560.7123485312784,0.0590958129486972,692.5,7896.0,Large,Small,,
57,Filler-137,Filler,137,752.3932143076845,0.0667724447639033,1902.0,8864.0,Large,Small,,
58,Filler-170,Filler,170,656.4328391752373,0.0601791809566106,1196.0,8054.0,Large,Small,,
59,Filler-323,Filler,323,0.0,0.0711236555962137,17.5,9266.5,Large,Small,,
60,Filler-358,Filler,358,699.3200014539447,0.0593625044249472,1479.0,7930.0,Large,Small,,
61,Filler-376,Filler,376,686.1459246588148,0.0676157992674932,1399.0,8963.0,Large,Small,,
62,Filler-395,Filler,395,768.9437597797273,0.0628108402698829,2059.0,8405.0,Large,Small,,
63,Filler-406,Filler,406,800.0491877816687,0.0630342727569189,2369.0,8429.0,Large,Small,,
64,Filler-409,Filler,409,806.1470177924083,0.0635072337517738,2439.0,8490.0,Large,Small,,
65,Filler-426,Filler,426,575.6950146255158,0.0587183386049586,754.0,7832.0,Large,Small,,
66,Filler-434,Filler,434,781.3041058586732,0.0662913401886176,2179.0,8821.0,Large,Small,,
67,Filler-484,Filler,484,746.0176673182872,0.0635194636912611,1858.0,8492.0,Large,Small,,
68,Filler-512,Filler,512,187.8860007887424,0.0626566496246555,41.5,8384.0,Large,Small,,
69,Filler-561,Filler,561,815.9717571467938,0.0617657703388584,2554.0,8269.0,Large,Small,,
70,Filler-599,Filler,599,651.3370526281535,0.0662758052001984,1163.0,8818.0,Large,Small,,
71,Filler-656,Filler,656,550.0884725797245,0.0590282442117078,631.0,7888.0,Large,Small,,
72,Filler-738,Filler,738,686.3557863671998,0.0599616857547213,1400.0,8026.0,Large,Small,,
73,Filler-755,Filler,755,768.1978615873983,0.069529576178643,2048.0,9150.0,Large,Small,,
74,Filler-824,Filler,824,761.9596989509416,0.0592752544965183,1992.0,7919.0,Large,Small,,
75,Filler-903,Filler,903,641.1248386936805,0.0860539079860512,1105.5,9938.0,Large,Small,,
76,Filler-948,Filler,948,771.8258631702271,0.063411090920445,2083.0,8480.0,Large,Small,,
77,Filler-968,Filler,968,622.3717719368865,0.0753686227457592,999.0,9547.0,Large,Small,,
78,Filler-992,Filler,992,617.7979493250081,0.064852583747014,968.0,8678.0,Large,Small,,
79,Filler-1080,Filler,1080,814.4006076510809,0.0661465417806112,2533.0,8809.0,Large,Small,,
80,Filler-1106,Filler,1106,793.4419903822397,0.0638424192230379,2295.0,8555.0,Large,Small,,
81,Filler-1113,Filler,1113,812.3179808823974,0.063830954843113,2511.0,8550.0,Large,Small,,
82,Filler-1159,Filler,1159,453.8497671619302,0.0590901404582258,284.0,7893.0,Large,Small,,
83,Filler-1161,Filler,1161,805.3326535955499,0.0668789705272863,2429.0,8878.0,Large,Small,,
84,Filler-1354,Filler,1354,72.44586325319287,0.0760895469873398,37.5,9590.0,Large,Small,,
85,Filler-1473,Filler,1473,346.9793906929922,0.0632658771507987,78.0,8460.0,Large,Small,,
86,Filler-1491,Filler,1491,715.7020469403078,0.065653804513751,1598.0,8752.0,Large,Small,,
87,Filler-1539,Filler,1539,575.6126965312873,0.0730097970806523,752.0,9404.0,Large,Small,,
88,Filler-1571,Filler,1571,814.4090747020923,0.0673079045836172,2534.0,8936.0,Large,Small,,
89,Filler-1589,Filler,1589,661.8482468973731,0.0677569037945417,1230.0,8979.0,Large,Small,,
90,Filler-1599,Filler,1599,742.6866486623869,0.0651784233087694,1830.0,8702.0,Large,Small,,
91,Filler-1664,Filler,1664,801.240563810039,0.0823998418605563,2384.0,9837.0,Large,Small,,
92,Filler-1748,Filler,1748,684.4985550591257,0.0635581008246422,1384.0,8500.0,Large,Small,,
93,Filler-1805,Filler,1805,682.5047858723855,0.0600382985955006,1372.0,8036.0,Large,Small,,
94,Filler-1823,Filler,1823,806.8710558694319,0.0653952801973077,2451.0,8726.0,Large,Small,,
95,Filler-1828,Filler,1828,641.1248386936805,0.0862460917707543,1105.5,9945.0,Large,Small,,
96,Filler-1856,Filler,1856,789.6142742309579,0.0658306328676653,2251.5,8768.0,Large,Small,,
97,Filler-1859,Filler,1859,742.8059179472183,0.0638333116196759,1832.0,8551.0,Large,Small,,
98,Filler-1990,Filler,1990,601.416062678167,0.0608402510604041,886.0,8139.0,Large,Small,,
99,Filler-2076,Filler,2076,700.7152692598149,0.0618844620448563,1487.0,8291.0,Large,Small,,
100,Filler-2079,Filler,2079,737.6755735058539,0.0595298105784644,1790.0,7952.0,Large,Small,,
101,Filler-2217,Filler,2217,681.8274662386176,0.0646420508732745,1363.0,8654.0,Large,Small,,
102,Filler-2239,Filler,2239,761.1705264211421,0.0605998322349715,1987.0,8103.0,Large,Small,,
103,Filler-2269,Filler,2269,736.4001725418512,0.0587281848552004,1774.0,7835.0,Large,Small,,
104,Filler-2340,Filler,2340,0.0,0.0625378687762321,17.5,8369.5,Large,Small,,
105,Filler-2346,Filler,2346,713.7787549844197,0.064044705290562,1589.0,8585.0,Large,Small,,
106,Filler-2368,Filler,2368,774.5605227076013,0.0610000593113302,2115.0,8154.0,Large,Small,,
107,Filler-2451,Filler,2451,777.1031598059764,0.0652215475468381,2141.0,8705.0,Large,Small,,
108,Filler-2584,Filler,2584,679.4938018132185,0.0817955751281101,1335.0,9811.0,Large,Small,,
109,Filler-2626,Filler,2626,751.0836197067462,0.0610822121310033,1896.0,8171.0,Large,Small,,
110,Filler-2694,Filler,2694,785.3857722668686,0.064254231618485,2213.0,8616.0,Large,Small,,
111,Filler-2706,Filler,2706,808.1589381486003,0.0616857170405507,2466.0,8258.0,Large,Small,,
112,Filler-2868,Filler,2868,539.5379448437478,0.0681745601625058,578.0,9026.0,Large,Small,,
113,Filler-2942,Filler,2942,785.6251735510901,0.0697198074879692,2214.0,9170.0,Large,Small,,
114,Filler-2971,Filler,2971,778.8686571834489,0.0749582601906182,2160.0,9520.0,Large,Small,,
115,Filler-2998,Filler,2998,794.6046257697212,0.0659529837996624,2307.0,8786.0,Large,Small,,
116,Filler-3034,Filler,3034,706.1900205521187,0.0629241944934994,1535.0,8417.0,Large,Small,,
117,Filler-3056,Filler,3056,738.6930244990259,0.0610872448353635,1800.0,8172.0,Large,Small,,
118,Filler-3184,Filler,3184,720.3647944881558,0.0595160395397791,1637.0,7949.0,Large,Small,,
119,Filler-3195,Filler,3195,820.1909803669647,0.0646979136300787,2586.0,8661.0,Large,Small,,
120,Filler-3235,Filler,3235,821.0410757792737,0.0638837951765508,2596.0,8562.0,Large,Small,,
121,Filler-3449,Filler,3449,817.6292359079488,0.0632490172741878,2567.0,8458.0,Large,Small,,
122,Filler-3500,Filler,3500,817.8100985150157,0.0651782647307913,2569.0,8701.0,Large,Small,,
123,Filler-3739,Filler,3739,699.988884831548,0.065896718385149,1485.0,8780.0,Large,Small,,
124,Filler-3773,Filler,3773,801.3657942379634,0.06407009585859,2387.0,8588.0,Large,Small,,
125,Filler-3913,Filler,3913,719.144933983687,0.0630011976420349,1626.0,8426.0,Large,Small,,
126,Filler-3966,Filler,3966,672.3905349645046,0.0629236206463995,1296.0,8416.0,Large,Small,,
127,Filler-4037,Filler,4037,620.2240348926148,0.0616387988602451,981.0,8248.0,Large,Small,,
128,Filler-4071,Filler,4071,668.7089671687182,0.062372020540001,1274.0,8347.0,Large,Small,,
129,Filler-4108,Filler,4108,804.0681314392474,0.0601167679738722,2414.0,8047.0,Large,Small,,
130,Filler-4319,Filler,4319,580.664682354348,0.0662613776751441,778.0,8816.0,Large,Small,,
131,Filler-4507,Filler,4507,777.9912995520086,0.0972158681388782,2150.0,10175.0,Large,Small,,
132,Filler-4558,Filler,4558,187.8860007887424,0.0623356948764024,41.5,8342.0,Large,Small,,
133,Filler-4579,Filler,4579,777.9750930166214,0.0606644805373309,2149.0,8113.0,Large,Small,,
134,Filler-4584,Filler,4584,795.6099851474713,0.0739336605076274,2316.0,9459.0,Large,Small,,
135,Filler-4621,Filler,4621,704.6556781374983,0.0802072190800061,1517.0,9754.0,Large,Small,,
136,Filler-4631,Filler,4631,806.7057033477879,0.0598002152789892,2448.0,8005.0,Large,Small,,
137,Filler-4646,Filler,4646,718.268659676757,0.074464297703562,1619.0,9491.0,Large,Small,,
138,Filler-4687,Filler,4687,778.768145763622,0.0590024151160236,2159.0,7884.0,Large,Small,,
139,Filler-4728,Filler,4728,72.44586325319287,0.0765948465948797,37.5,9610.0,Large,Small,,
140,Filler-4743,Filler,4743,705.9561653305362,0.0730594587495322,1531.0,9410.0,Large,Small,,
141,Filler-4836,Filler,4836,821.228269043945,0.0614677314725182,2598.0,8222.0,Large,Small,,
142,Filler-4845,Filler,4845,768.9808125734752,0.0729527818300332,2060.0,9398.0,Large,Small,,
143,Filler-4879,Filler,4879,813.5704177177997,0.0750691246102336,2523.0,9528.0,Large,Small,,
144,Filler-4893,Filler,4893,617.24035969671,0.0603718103344254,963.0,8078.0,Large,Small,,
145,Filler-4949,Filler,4949,796.4376346580685,0.0615356896222304,2329.0,8232.0,Large,Small,,
146,Filler-5022,Filler,5022,817.3027339731688,0.0668754803056744,2565.0,8877.0,Large,Small,,
147,Filler-5095,Filler,5095,809.8281591432672,0.0660467011352059,2485.0,8797.0,Large,Small,,
148,Filler-5113,Filler,5113,684.6117988897989,0.0641980197773912,1387.0,8607.0,Large,Small,,
149,Filler-5184,Filler,5184,822.0057572159094,0.0636130835458002,2607.0,8513.0,Large,Small,,
150,Filler-5327,Filler,5327,604.7512086573211,0.0607634411048701,902.0,8130.0,Large,Small,,
151,Filler-5349,Filler,5349,776.1918282645703,0.0625873332782771,2132.0,8375.0,Large,Small,,
152,Filler-5356,Filler,5356,812.1953303237956,0.0610103362868787,2509.0,8157.0,Large,Small,,
153,Filler-5418,Filler,5418,801.1765160234448,0.063215861407925,2382.0,8452.0,Large,Small,,
154,Filler-5430,Filler,5430,793.7852316733831,0.0774630596152014,2298.0,9644.0,Large,Small,,
155,Filler-5496,Filler,5496,767.3092426564467,0.0693162068668697,2044.0,9130.0,Large,Small,,
156,Filler-5507,Filler,5507,594.3019470776592,0.0637522464115475,851.0,8537.0,Large,Small,,
157,Filler-5543,Filler,5543,753.2917454363153,0.0824308818591611,1918.0,9839.0,Large,Small,,
158,Filler-5580,Filler,5580,664.7923759714172,0.063286446185545,1255.0,8463.0,Large,Small,,
159,Filler-5855,Filler,5855,814.2466972306329,0.0653696801198629,2529.0,8724.0,Large,Small,,
160,Filler-6043,Filler,6043,763.4664375591977,0.0680738130529532,2008.0,9014.0,Large,Small,,
161,Filler-6044,Filler,6044,812.2069424509291,0.0671497132156811,2510.0,8917.0,Large,Small,,
162,Filler-6054,Filler,6054,704.725237362777,0.0670613080312042,1518.0,8904.0,Large,Small,,
163,Filler-6109,Filler,6109,551.5536614964832,0.063794961492779,645.0,8545.0,Large,Small,,
164,Filler-6140,Filler,6140,753.6935167227742,0.0626658528237901,1925.0,8387.0,Large,Small,,
165,Filler-6147,Filler,6147,65.95552057093715,0.0610820829210047,35.5,8170.0,Large,Small,,
166,Filler-6174,Filler,6174,773.9528317121237,0.0646831721347305,2108.0,8659.0,Large,Small,,
167,Filler-6188,Filler,6188,535.4588011098105,0.1064178100008964,564.5,10278.0,Large,Small,,
168,Filler-6214,Filler,6214,747.8682007108353,0.0611637142675359,1878.0,8183.0,Large,Small,,
169,Filler-6285,Filler,6285,767.262697460911,0.0830964361246712,2042.0,9870.0,Large,Small,,
170,Filler-6311,Filler,6311,664.1153241394265,0.0683524401333238,1250.0,9038.0,Large,Small,,
171,Filler-6342,Filler,6342,699.4133440441525,0.0633819332136706,1480.0,8477.0,Large,Small,,
172,Filler-6355,Filler,6355,768.6913585460229,0.0701119149401329,2053.0,9196.0,Large,Small,,
173,Filler-6369,Filler,6369,697.4720240420273,0.0730339337322786,1467.0,9406.0,Large,Small,,
174,Filler-6435,Filler,6435,604.3428109526619,0.1021947738374462,900.0,10241.0,Large,Small,,
175,Filler-6482,Filler,6482,679.9307144531865,0.0633738255107164,1341.0,8476.0,Large,Small,,
176,Filler-6507,Filler,6507,759.8554272772394,0.0723035191829197,1977.0,9347.0,Large,Small,,
177,Filler-6577,Filler,6577,765.9083220160046,0.068221689131546,2030.0,9029.0,Large,Small,,
178,Filler-6735,Filler,6735,0.0,0.0711236555962137,17.5,9266.5,Large,Small,,
179,Filler-6752,Filler,6752,680.3921855149448,0.0637533325512233,1348.0,8538.0,Large,Small,,
180,Filler-6863,Filler,6863,784.8697668208656,0.0930220984430566,2207.0,10109.0,Large,Small,,
181,Filler-6873,Filler,6873,787.7269752950168,0.0640455566100563,2234.0,8586.0,Large,Small,,
182,Filler-6979,Filler,6979,787.9558931277354,0.0647757742352153,2236.0,8667.0,Large,Small,,
183,Filler-6995,Filler,6995,633.351457267152,0.059488724802065,1057.0,7943.0,Large,Small,,
184,Filler-7154,Filler,7154,708.44825916442,0.0616252838011911,1550.0,8245.0,Large,Small,,
185,Filler-7209,Filler,7209,765.9331927552248,0.059842613717843,2031.0,8013.0,Large,Small,,
186,Filler-7482,Filler,7482,777.071728033111,0.0612683169282976,2140.0,8208.0,Large,Small,,
187,Filler-7517,Filler,7517,716.4694269755307,0.0588202085669978,1607.0,7850.0,Large,Small,,
188,Filler-7588,Filler,7588,813.3239551444577,0.0649442817114945,2522.0,8680.0,Large,Small,,
189,Filler-7629,Filler,7629,584.2136795089865,0.0634631932446451,792.0,8484.0,Large,Small,,
190,Filler-7648,Filler,7648,737.3416320531495,0.0587922874395306,1784.0,7846.0,Large,Small,,
191,Filler-7802,Filler,7802,656.5439582546159,0.075081605075468,1198.0,9529.0,Large,Small,,
192,Filler-7963,Filler,7963,715.8517461239336,0.0590116816012971,1599.0,7885.0,Large,Small,,
193,Filler-8013,Filler,8013,736.0826919853304,0.0729148328297891,1770.0,9396.0,Large,Small,,
194,Filler-8015,Filler,8015,820.3754505009678,0.0753086831126356,2591.0,9542.0,Large,Small,,
195,Filler-4373,Filler,4373,1321.43978519148,0.0266841990792656,9520.0,368.0,Small,Large,9152.0,
196,Target-1563,Target,1563,1389.8258619919982,0.0310836962893939,9963.0,938.0,Small,Large,9025.0,
197,Filler-1861,Filler,1861,1344.1575321559858,0.0299839557365689,9708.0,767.0,Small,Large,8941.0,
198,Target-1954,Target,1954,1434.3333871097643,0.0327540720289997,10130.0,1236.0,Small,Large,8894.0,
199,Filler-3682,Filler,3682,1346.015965974167,0.0307726367484989,9726.0,891.0,Small,Large,8835.0,
200,Target-1657,Target,1657,1371.5633119412337,0.0317332059196658,9868.0,1062.0,Small,Large,8806.0,
201,Target-579,Target,579,1330.4074443820923,0.0306412352885783,9594.0,877.0,Small,Large,8717.0,
202,Target-1018,Target,1018,1381.1264191232776,0.0326024267169933,9915.0,1210.0,Small,Large,8705.0,
203,Filler-6080,Filler,6080,1270.5933547260586,0.0277641449371801,9148.0,468.0,Small,Large,8680.0,
204,Target-809,Target,809,1312.4502707724473,0.0303103124711317,9465.0,834.0,Small,Large,8631.0,
205,Filler-1122,Filler,1122,1254.9152734945446,0.0268787604524214,9000.0,390.0,Small,Large,8610.0,
206,Filler-7961,Filler,7961,1269.331925542128,0.0290832479844286,9134.0,619.0,Small,Large,8515.0,
207,Filler-949,Filler,949,1447.114588948017,0.0345543496045572,10163.0,1660.0,Small,Large,8503.0,
208,Filler-1266,Filler,1266,1361.3162195151508,0.0331682230976229,9827.0,1332.0,Small,Large,8495.0,
209,Filler-2453,Filler,2453,1262.1681284487036,0.0287767343509284,9066.0,573.0,Small,Large,8493.0,
210,Filler-2991,Filler,2991,1233.8149555168372,0.0254648548625752,8734.0,254.0,Small,Large,8480.0,
211,Target-2077,Target,2077,1304.1976360360554,0.0310275052655602,9389.0,932.0,Small,Large,8457.0,
212,Filler-3103,Filler,3103,1472.2346667169284,0.0350844990768589,10209.0,1778.0,Small,Large,8431.0,
213,Filler-7722,Filler,7722,1388.0934985386982,0.0340619710626966,9956.0,1541.0,Small,Large,8415.0,
214,Target-635,Target,635,1323.8467029479632,0.0323271233058852,9544.0,1157.0,Small,Large,8387.0,
215,Filler-3315,Filler,3315,1276.277841133603,0.030231645967757,9196.0,822.0,Small,Large,8374.0,
216,Filler-3486,Filler,3486,1263.2481583318672,0.029773607724259,9078.0,729.0,Small,Large,8349.0,
217,Filler-6143,Filler,6143,1216.240842170398,0.0243106619132066,8517.0,182.0,Small,Large,8335.0,
218,Filler-5694,Filler,5694,1265.4666830208596,0.030029744911043,9091.0,776.0,Small,Large,8315.0,
219,Filler-6720,Filler,6720,1333.724582799232,0.0330732999128836,9617.0,1308.0,Small,Large,8309.0,
220,Target-414,Target,414,1327.8678579327166,0.0329131680261395,9576.0,1277.0,Small,Large,8299.0,
221,Filler-4552,Filler,4552,1266.0133695223533,0.0302981467119029,9100.0,832.0,Small,Large,8268.0,
222,Target-1023,Target,1023,1247.8439915310366,0.0294059787999381,8920.0,656.0,Small,Large,8264.0,
223,Filler-1914,Filler,1914,1399.9796012171876,0.0351923003835474,10005.0,1802.0,Small,Large,8203.0,
224,Filler-1661,Filler,1661,1234.2470457988686,0.0287823746193916,8744.0,575.0,Small,Large,8169.0,
225,Filler-6125,Filler,6125,1195.9477185968824,0.0229399942533033,8229.0,114.0,Small,Large,8115.0,
226,Filler-5768,Filler,5768,1318.7543629398992,0.0335806501297578,9505.0,1423.0,Small,Large,8082.0,
227,Filler-6505,Filler,6505,1472.2433651898325,0.0364836566055921,10210.0,2131.0,Small,Large,8079.0,
228,Filler-3402,Filler,3402,1231.9392207433737,0.02930589481037,8719.0,644.0,Small,Large,8075.0,
229,Filler-6199,Filler,6199,1305.878119770685,0.0332592843422874,9403.0,1346.0,Small,Large,8057.0,
230,Target-935,Target,935,1245.0753116798296,0.0303237921672113,8895.0,839.0,Small,Large,8056.0,
231,Filler-7921,Filler,7921,1223.2203315160598,0.0290439031450975,8617.0,615.0,Small,Large,8002.0,
232,Target-1083,Target,1083,1286.1703125433332,0.032913240912859,9278.0,1278.0,Small,Large,8000.0,
233,Filler-4181,Filler,4181,1337.18125800772,0.0345362923182252,9654.0,1655.0,Small,Large,7999.0,
234,Filler-6178,Filler,6178,1232.1644529691996,0.0297905720377505,8723.0,730.0,Small,Large,7993.0,
235,Filler-1420,Filler,1420,1275.1141260093464,0.0325963618464342,9189.0,1209.0,Small,Large,7980.0,
236,Target-323,Target,323,1396.419360803943,0.0361397622380547,9993.0,2037.0,Small,Large,7956.0,
237,Filler-7554,Filler,7554,1333.2595248497182,0.0345585195317433,9614.0,1661.0,Small,Large,7953.0,
238,Filler-1047,Filler,1047,1236.7381106149303,0.0303193356385173,8786.0,838.0,Small,Large,7948.0,
239,Filler-7950,Filler,7950,1458.966318906708,0.0369507955429788,10184.0,2252.0,Small,Large,7932.0,
240,Filler-1822,Filler,1822,1351.007342572855,0.0354610366860004,9760.0,1853.0,Small,Large,7907.0,
241,Filler-6509,Filler,6509,1349.3215712526055,0.0354671196064201,9748.0,1854.0,Small,Large,7894.0,
242,Filler-666,Filler,666,1178.94606715013,0.02246898205981,7972.0,97.0,Small,Large,7875.0,
243,Target-1984,Target,1984,1243.5592686402022,0.0314962183358238,8881.0,1008.0,Small,Large,7873.0,
244,Filler-7563,Filler,7563,1234.5988762048305,0.0310603038042122,8750.0,934.0,Small,Large,7816.0,
245,Target-781,Target,781,1293.3426096059452,0.0339510233298927,9320.0,1510.0,Small,Large,7810.0,
246,Filler-4933,Filler,4933,1311.6692189719474,0.0345229414343087,9461.0,1652.0,Small,Large,7809.0,
247,Filler-3559,Filler,3559,1207.905246013431,0.0290142089285992,8410.0,611.0,Small,Large,7799.0,
248,Filler-2414,Filler,2414,1241.493579623179,0.0317078737840071,8849.0,1058.0,Small,Large,7791.0,
249,Filler-789,Filler,789,1348.7170104439674,0.0358256474559419,9744.0,1959.0,Small,Large,7785.0,
250,Filler-7467,Filler,7467,1380.7906013087534,0.0365353829454769,9914.0,2142.0,Small,Large,7772.0,
251,Filler-940,Filler,940,1279.688864844545,0.0337193033886414,9226.0,1457.0,Small,Large,7769.0,
252,Filler-7600,Filler,7600,1251.560658776044,0.0325246359555371,8958.0,1197.0,Small,Large,7761.0,
253,Target-1167,Target,1167,1298.7052571792606,0.034414785474877,9361.0,1615.0,Small,Large,7746.0,
254,Filler-6411,Filler,6411,1190.0762768609982,0.0269710295226823,8136.0,398.0,Small,Large,7738.0,
255,Filler-2514,Filler,2514,1315.1236252911854,0.0349648744522908,9480.0,1754.0,Small,Large,7726.0,
256,Filler-117,Filler,117,1301.7471834410092,0.0346016975479465,9374.0,1671.0,Small,Large,7703.0,
257,Filler-6926,Filler,6926,1348.0941075729218,0.0362471757929272,9740.0,2058.0,Small,Large,7682.0,
258,Filler-7837,Filler,7837,1234.3743644097044,0.0320072346213192,8746.0,1092.0,Small,Large,7654.0,
259,Filler-4746,Filler,4746,1196.5259242855122,0.0290012361350921,8238.0,607.0,Small,Large,7631.0,
260,Target-1119,Target,1119,1213.702041104582,0.0304675965647972,8486.0,855.0,Small,Large,7631.0,
261,Filler-2186,Filler,2186,1216.5909770096166,0.0307809360746227,8524.0,895.0,Small,Large,7629.0,
262,Filler-79,Filler,79,1270.7903035312515,0.0340442739982615,9150.0,1534.0,Small,Large,7616.0,
263,Filler-7721,Filler,7721,1204.488069833961,0.0300655674589502,8355.0,790.0,Small,Large,7565.0,
264,Filler-491,Filler,491,1262.8025498373731,0.0339678778268114,9074.0,1519.0,Small,Large,7555.0,
265,Filler-5199,Filler,5199,1329.2015799039889,0.0361372804313847,9588.0,2035.0,Small,Large,7553.0,
266,Target-317,Target,317,1314.7399635413929,0.0357210516458285,9477.0,1925.0,Small,Large,7552.0,
267,Filler-228,Filler,228,1277.1552192225774,0.0345125442043097,9198.0,1647.0,Small,Large,7551.0,
268,Filler-109,Filler,109,1324.7363754261958,0.036084434424268,9551.0,2018.0,Small,Large,7533.0,
269,Target-899,Target,899,1281.266319419913,0.0347731934207466,9234.0,1703.0,Small,Large,7531.0,
270,Filler-1239,Filler,1239,1375.9456770636602,0.0373584419931174,9894.0,2367.0,Small,Large,7527.0,
271,Filler-549,Filler,549,1314.638939221452,0.035826341858382,9476.0,1960.0,Small,Large,7516.0,
272,Target-291,Target,291,1308.8537166861165,0.0357515991055995,9430.0,1936.0,Small,Large,7494.0,
273,Filler-3458,Filler,3458,1250.4046664882214,0.0337592838783176,8948.0,1468.0,Small,Large,7480.0,
274,Filler-2257,Filler,2257,1334.6147704635634,0.0365678885323496,9626.0,2151.0,Small,Large,7475.0,
275,Target-1608,Target,1608,1386.873629903385,0.0378133848567008,9947.0,2493.0,Small,Large,7454.0,
276,Target-900,Target,900,1220.1722622096147,0.0321914745342416,8577.0,1123.0,Small,Large,7454.0,
277,Filler-7597,Filler,7597,1233.8755722328854,0.0329816865592509,8738.0,1289.0,Small,Large,7449.0,
278,Filler-7369,Filler,7369,1190.874807558616,0.0298326667828719,8151.0,740.0,Small,Large,7411.0,
279,Filler-4541,Filler,4541,1234.4259703414689,0.0332254689120289,8748.0,1341.0,Small,Large,7407.0,
280,Filler-2182,Filler,2182,1238.9084909085375,0.0335573685713494,8818.0,1415.0,Small,Large,7403.0,
281,Filler-7902,Filler,7902,1279.5987162303113,0.035351203802881,9224.0,1835.0,Small,Large,7389.0,
282,Target-355,Target,355,1215.6136691800125,0.0323590872856804,8511.0,1165.0,Small,Large,7346.0,
283,Filler-7863,Filler,7863,1237.1526924275552,0.0337117306778663,8796.0,1456.0,Small,Large,7340.0,
284,Target-924,Target,924,1213.477465934487,0.0323683175101377,8483.0,1166.0,Small,Large,7317.0,
285,Filler-5170,Filler,5170,1236.7837842618926,0.0338364502734867,8789.0,1481.0,Small,Large,7308.0,
286,Filler-3595,Filler,3595,1195.5968933511238,0.0308711692005984,8218.0,914.0,Small,Large,7304.0,
287,Filler-4247,Filler,4247,1195.155086878313,0.0308589891076991,8213.0,911.0,Small,Large,7302.0,
288,Filler-1974,Filler,1974,1202.364399374805,0.0315689301444262,8321.0,1030.0,Small,Large,7291.0,
289,Target-1723,Target,1723,1181.426732841477,0.0298373442220248,8012.0,741.0,Small,Large,7271.0,
290,Filler-3628,Filler,3628,1204.408996934778,0.0320115458555358,8354.0,1096.0,Small,Large,7258.0,
291,Target-833,Target,833,1266.4402554271178,0.0354588786091926,9106.0,1852.0,Small,Large,7254.0,
292,Filler-6284,Filler,6284,1333.8721884581414,0.0375145997920266,9619.0,2411.0,Small,Large,7208.0,
293,Filler-2160,Filler,2160,1211.824804494697,0.0329092213827071,8467.0,1275.0,Small,Large,7192.0,
294,Filler-3244,Filler,3244,1175.4218064517356,0.0297297151595579,7914.0,723.0,Small,Large,7191.0,
295,Filler-5783,Filler,5783,1205.3874344716658,0.0326509613615683,8373.0,1217.0,Small,Large,7156.0,
296,Filler-3010,Filler,3010,1185.5588766578535,0.0310628119506835,8068.0,935.0,Small,Large,7133.0,
297,Filler-5363,Filler,5363,1269.4758396797224,0.0360824464388134,9137.0,2016.0,Small,Large,7121.0,
298,Target-1835,Target,1835,1219.8224007626382,0.0339607075215495,8574.0,1514.0,Small,Large,7060.0,
299,Filler-260,Filler,260,1298.906629891105,0.0371355891265125,9362.0,2311.0,Small,Large,7051.0,
300,Filler-1081,Filler,1081,1307.5747562357694,0.0374443224467237,9421.0,2388.0,Small,Large,7033.0,
301,Target-738,Target,738,1235.9041710350168,0.0350142199309727,8774.0,1763.0,Small,Large,7011.0,
302,Filler-3692,Filler,3692,1245.26936680902,0.0355775107664764,8897.0,1887.0,Small,Large,7010.0,
303,Filler-4688,Filler,4688,1197.1045353583663,0.0328010946324247,8251.0,1247.0,Small,Large,7004.0,
304,Filler-4695,Filler,4695,1201.6693468106218,0.0331865941037988,8312.0,1334.0,Small,Large,6978.0,
305,Filler-5824,Filler,5824,1261.089002983607,0.0363146980454927,9045.0,2079.0,Small,Large,6966.0,
306,Filler-2937,Filler,2937,1314.4659932371533,0.0378761991341294,9474.0,2515.0,Small,Large,6959.0,
307,Filler-255,Filler,255,1196.5039600523844,0.0329256447070167,8237.0,1280.0,Small,Large,6957.0,
308,Filler-5618,Filler,5618,1295.553673135974,0.0375721685041819,9340.0,2424.0,Small,Large,6916.0,
309,Filler-2429,Filler,2429,1183.1809434305494,0.0322472278525914,8035.0,1134.0,Small,Large,6901.0,
310,Target-1354,Target,1354,1271.7970539419737,0.0370261583503645,9160.0,2273.0,Small,Large,6887.0,
311,Filler-1848,Filler,1848,1242.330946831691,0.0360239149224273,8862.0,2001.0,Small,Large,6861.0,
312,Filler-4339,Filler,4339,1212.2240461278675,0.034479669165521,8472.0,1635.0,Small,Large,6837.0,
313,Filler-1063,Filler,1063,1234.9343194486871,0.0356983535165189,8755.0,1920.0,Small,Large,6835.0,
314,Filler-238,Filler,238,1230.3285996455468,0.0355210556463291,8699.0,1871.0,Small,Large,6828.0,
315,Target-883,Target,883,1298.0816148428703,0.0379222474622806,9356.0,2529.0,Small,Large,6827.0,
316,Target-2213,Target,2213,1278.0379432519424,0.0374891718289326,9213.0,2401.0,Small,Large,6812.0,
317,Filler-5308,Filler,5308,1188.9985839262254,0.0331198759420189,8124.0,1324.0,Small,Large,6800.0,
318,Target-2212,Target,2212,1225.3711417459274,0.0353737603166091,8641.0,1841.0,Small,Large,6800.0,
319,Target-79,Target,79,1187.3845312701203,0.0330806345407581,8095.0,1311.0,Small,Large,6784.0,
320,Filler-5103,Filler,5103,1204.3560150088383,0.0342251733651019,8353.0,1570.0,Small,Large,6783.0,
321,Filler-685,Filler,685,1238.6178846384646,0.036118081770834,8814.0,2033.0,Small,Large,6781.0,
322,Target-239,Target,239,1182.076437909281,0.0328053528872984,8022.0,1249.0,Small,Large,6773.0,
323,Filler-7865,Filler,7865,1260.5661552732358,0.0370231092728517,9037.0,2269.0,Small,Large,6768.0,
324,Target-335,Target,335,1175.2809535419458,0.0324011049061819,7910.0,1174.0,Small,Large,6736.0,
325,Filler-6837,Filler,6837,1204.5353887122053,0.0344558867356026,8357.0,1628.0,Small,Large,6729.0,
326,Target-412,Target,412,1279.1873030019055,0.0378150850297402,9219.0,2495.0,Small,Large,6724.0,
327,Target-1933,Target,1933,1264.9860757535987,0.0373812919841197,9089.0,2371.0,Small,Large,6718.0,
328,Target-586,Target,586,1192.30390555772,0.0338274318929438,8170.0,1478.0,Small,Large,6692.0,
329,Filler-1204,Filler,1204,1223.7946123978422,0.0357863341765909,8624.0,1946.0,Small,Large,6678.0,
330,Filler-2089,Filler,2089,1265.9760535008977,0.0375819570596294,9099.0,2430.0,Small,Large,6669.0,
331,Filler-6718,Filler,6718,1193.8731951335476,0.0340809590435792,8196.0,1543.0,Small,Large,6653.0,
332,Filler-1168,Filler,1168,1171.8979057320953,0.0326610166697878,7866.0,1222.0,Small,Large,6644.0,
333,Target-752,Target,752,1209.5366323496037,0.0351960855766991,8431.0,1804.0,Small,Large,6627.0,
334,Filler-1624,Filler,1624,1187.2386359468303,0.0338532497842306,8092.0,1485.0,Small,Large,6607.0,
335,Filler-1201,Filler,1201,1242.134340466646,0.0370234933017214,8855.0,2271.0,Small,Large,6584.0,
336,Target-2204,Target,2204,1237.354620122072,0.0368454108990205,8800.0,2222.0,Small,Large,6578.0,
337,Target-1362,Target,1362,1171.3575620334343,0.0329191213304704,7854.0,1279.0,Small,Large,6575.0,
338,Filler-7969,Filler,7969,1246.8606046323755,0.0372785826299814,8915.0,2346.0,Small,Large,6569.0,
339,Filler-2611,Filler,2611,1186.9168444922375,0.0340850404874078,8087.0,1544.0,Small,Large,6543.0,
340,Filler-3738,Filler,3738,1201.820064374186,0.0350997944983148,8313.0,1783.0,Small,Large,6530.0,
341,Filler-6648,Filler,6648,1263.0757647550404,0.038026387975286,9075.0,2561.0,Small,Large,6514.0,
342,Filler-6502,Filler,6502,1218.94792596842,0.036251605218934,8560.0,2060.0,Small,Large,6500.0,
343,Filler-7760,Filler,7760,1185.5689514987496,0.0343493324388737,8069.0,1597.0,Small,Large,6472.0,
344,Filler-3227,Filler,3227,1174.310243300234,0.0336276995096993,7901.0,1435.0,Small,Large,6466.0,
345,Filler-3262,Filler,3262,1223.5353364107254,0.0365844033361906,8621.0,2155.0,Small,Large,6466.0,
346,Filler-2318,Filler,2318,1192.1066490276144,0.0348295308096551,8167.0,1718.0,Small,Large,6449.0,
347,Target-638,Target,638,1229.4672045323591,0.0369153171858374,8688.0,2240.0,Small,Large,6448.0,
348,Filler-1089,Filler,1089,1236.1827295967755,0.037209021912596,8777.0,2334.0,Small,Large,6443.0,
349,Filler-7457,Filler,7457,1216.369948031101,0.0364167288512965,8520.0,2108.0,Small,Large,6412.0,
350,Target-1589,Target,1589,1185.8924700391922,0.0345918093018381,8072.0,1667.0,Small,Large,6405.0,
351,Filler-2379,Filler,2379,1226.062843615981,0.0370165360407066,8646.0,2268.0,Small,Large,6378.0,
352,Filler-7571,Filler,7571,1236.0209876884892,0.0375181630512223,8775.0,2413.0,Small,Large,6362.0,
353,Filler-830,Filler,830,1202.0547499038564,0.0358199804448002,8315.0,1957.0,Small,Large,6358.0,
354,Target-1900,Target,1900,1199.6587130531532,0.0357908017281479,8285.0,1948.0,Small,Large,6337.0,
355,Filler-5002,Filler,5002,1245.920949868852,0.0381012137565359,8904.0,2581.0,Small,Large,6323.0,
356,Filler-4622,Filler,4622,1178.4770097391622,0.0345204199351679,7959.0,1650.0,Small,Large,6309.0,
357,Filler-6637,Filler,6637,1233.4993477900805,0.0375619646867497,8730.0,2422.0,Small,Large,6308.0,
358,Target-713,Target,713,1213.2382477413082,0.0367186435621365,8480.0,2185.0,Small,Large,6295.0,
359,Filler-1371,Filler,1371,1209.7589780058215,0.0365571572510688,8435.0,2149.0,Small,Large,6286.0,
360,Filler-2953,Filler,2953,1202.5580171653412,0.0361875219401246,8323.0,2042.0,Small,Large,6281.0,
361,Filler-4681,Filler,4681,1188.0163544442914,0.0353095169634317,8108.0,1828.0,Small,Large,6280.0,
362,Filler-3179,Filler,3179,1196.0687676162268,0.0358989640801486,8230.0,1978.0,Small,Large,6252.0,
363,Filler-3813,Filler,3813,1186.2572365593398,0.0355782004658511,8078.0,1889.0,Small,Large,6189.0,
364,Filler-2590,Filler,2590,1175.991126580617,0.0349674105420396,7922.0,1755.0,Small,Large,6167.0,
365,Target-313,Target,313,1172.5082033807926,0.0347864882521644,7874.0,1709.0,Small,Large,6165.0,
366,Target-2139,Target,2139,1228.9004518147708,0.0378824014065636,8678.0,2518.0,Small,Large,6160.0,
367,Filler-4316,Filler,4316,1171.9434019601797,0.0348586065452016,7867.0,1725.0,Small,Large,6142.0,
368,Filler-961,Filler,961,1198.131860134491,0.036503054752923,8260.0,2136.0,Small,Large,6124.0,
369,Target-2175,Target,2175,1179.1567224301175,0.0354733504083625,7975.0,1857.0,Small,Large,6118.0,
370,Filler-7908,Filler,7908,1204.2553168406466,0.0369530083231363,8349.0,2253.0,Small,Large,6096.0,
371,Filler-2169,Filler,2169,1191.028589039759,0.0363061151266077,8153.0,2074.0,Small,Large,6079.0,
372,Filler-4361,Filler,4361,1176.6689617263296,0.0355905801381471,7936.0,1893.0,Small,Large,6043.0,
373,Filler-1968,Filler,1968,1210.5968303481698,0.0375562872665875,8447.0,2420.0,Small,Large,6027.0,
374,Filler-6626,Filler,6626,1197.690897188204,0.0368939400284893,8257.0,2239.0,Small,Large,6018.0,
375,Filler-987,Filler,987,1171.4917113396257,0.0353881390125998,7860.0,1844.0,Small,Large,6016.0,
376,Filler-4218,Filler,4218,1218.0829553295955,0.0380203763212947,8547.0,2556.0,Small,Large,5991.0,
377,Filler-1574,Filler,1574,1206.925625879872,0.0375570456015829,8399.0,2421.0,Small,Large,5978.0,
378,Filler-3313,Filler,3313,1213.0864839395688,0.0378736600324357,8478.0,2510.0,Small,Large,5968.0,
379,Filler-822,Filler,822,1215.529249953572,0.0380031116819615,8509.0,2550.0,Small,Large,5959.0,
380,Filler-4216,Filler,4216,1185.187775183661,0.0364664752917522,8061.0,2124.0,Small,Large,5937.0,
381,Filler-3515,Filler,3515,1171.0970531421738,0.0357348226263895,7849.0,1929.0,Small,Large,5920.0,
382,Filler-4344,Filler,4344,1202.630385513094,0.0376229874761229,8325.0,2439.0,Small,Large,5886.0,
383,Target-105,Target,105,1172.7034595651132,0.0360354482596872,7877.0,2002.0,Small,Large,5875.0,
384,Filler-5283,Filler,5283,1206.615944099908,0.0378995230309726,8393.0,2521.0,Small,Large,5872.0,
385,Filler-7140,Filler,7140,1179.778090525985,0.0364412387359424,7987.0,2118.0,Small,Large,5869.0,
386,Filler-2874,Filler,2874,1208.3381365957746,0.0380116613346086,8415.0,2553.0,Small,Large,5862.0,
387,Filler-5457,Filler,5457,1197.4730391905564,0.0374647415587299,8255.0,2398.0,Small,Large,5857.0,
388,Filler-1782,Filler,1782,1174.229946106205,0.0362359103105047,7900.0,2056.0,Small,Large,5844.0,
389,Filler-2112,Filler,2112,1178.635721275371,0.0364682636704048,7964.0,2126.0,Small,Large,5838.0,
390,Filler-180,Filler,180,2059.6132746752505,0.3394372783269975,10439.0,10440.0,Large,Large,,20879.0
391,Filler-2883,Filler,2883,2570.0560775932768,0.2149572157935827,10442.0,10435.0,Large,Large,,20877.0
392,Filler-4684,Filler,4684,2049.5723833040074,0.3278335636090003,10438.0,10439.0,Large,Large,,20877.0
393,Filler-5605,Filler,5605,1893.52322455902,0.2280364560454433,10431.0,10437.0,Large,Large,,20868.0
394,Filler-366,Filler,366,2048.134810437353,0.1945051448749455,10437.0,10430.0,Large,Large,,20867.0
395,Filler-511,Filler,511,1835.464303134128,0.2274522420765037,10429.0,10436.0,Large,Large,,20865.0
396,Filler-7840,Filler,7840,1921.9334209583355,0.1834357621855653,10434.0,10428.0,Large,Large,,20862.0
397,Filler-1929,Filler,1929,1878.4361787039816,0.1994099261996033,10430.0,10431.0,Large,Large,,20861.0
398,Filler-3049,Filler,3049,2134.310124062961,0.1629524286790061,10440.0,10421.0,Large,Large,,20861.0
399,Target-1179,Target,1179,1804.6019146765157,0.1783209249675339,10426.0,10426.0,Large,Large,,20852.0
400,Filler-5772,Filler,5772,1780.5654097192337,0.1643681461720274,10423.0,10423.0,Large,Large,,20846.0
401,Filler-6678,Filler,6678,1780.770769723787,0.1451163836601097,10424.0,10406.0,Large,Large,,20830.0
402,Target-100,Target,100,1641.1094011533787,0.1919429265550647,10397.0,10429.0,Large,Large,,20826.0
403,Target-1292,Target,1292,1613.6984936298206,0.2002169639174519,10385.0,10432.0,Large,Large,,20817.0
404,Target-409,Target,409,1707.1404106574869,0.1410605544911719,10414.0,10402.0,Large,Large,,20816.0
405,Filler-6444,Filler,6444,1651.4408795117592,0.146927583418886,10400.0,10409.0,Large,Large,,20809.0
406,Target-1973,Target,1973,1700.703406860795,0.1375648754081693,10412.0,10393.0,Large,Large,,20805.0
407,Filler-7194,Filler,7194,1908.165400759611,0.1297509258477232,10432.0,10373.0,Large,Large,,20805.0
408,Filler-821,Filler,821,1613.069967318438,0.1551254584164835,10384.0,10414.0,Large,Large,,20798.0
409,Target-990,Target,990,1910.081512715348,0.1188006596392451,10433.0,10346.0,Large,Large,,20779.0
410,Filler-7097,Filler,7097,1696.1358603304398,0.1241549591498733,10411.0,10363.0,Large,Large,,20774.0
411,Filler-7632,Filler,7632,1976.311938339004,0.1157961410600945,10436.0,10335.0,Large,Large,,20771.0
412,Filler-2576,Filler,2576,1601.2117719073544,0.1370496209328882,10378.0,10392.0,Large,Large,,20770.0
413,Filler-3337,Filler,3337,1669.4098674011234,0.1206553592400924,10405.0,10352.0,Large,Large,,20757.0
414,Filler-6727,Filler,6727,1601.1651231836668,0.1326154958670733,10377.0,10379.0,Large,Large,,20756.0
415,Filler-1255,Filler,1255,1567.7494725552049,0.1400437843139549,10350.0,10399.0,Large,Large,,20749.0
416,Filler-6069,Filler,6069,1639.5918547037145,0.1214491028730241,10396.0,10353.0,Large,Large,,20749.0
417,Filler-7591,Filler,7591,1548.2084495853558,0.1544651315906271,10333.5,10413.0,Large,Large,,20746.5
418,Filler-6553,Filler,6553,1554.151646067637,0.1404465453530184,10338.0,10400.0,Large,Large,,20738.0
419,Filler-300,Filler,300,1662.6563274959797,0.1152704397534439,10404.0,10331.0,Large,Large,,20735.0
420,Filler-5923,Filler,5923,1605.3478603048557,0.1184568438038844,10380.0,10344.0,Large,Large,,20724.0
421,Filler-1154,Filler,1154,1576.6123781976585,0.1226801393515702,10366.0,10357.0,Large,Large,,20723.0
422,Filler-2794,Filler,2794,1566.838096031781,0.1259118861634723,10348.0,10365.0,Large,Large,,20713.0
423,Filler-4697,Filler,4697,1788.0946736928556,0.1074395540912178,10425.0,10287.0,Large,Large,,20712.0
424,Filler-4763,Filler,4763,1522.0270629670097,0.1496064552559308,10301.0,10411.0,Large,Large,,20712.0
425,Filler-2013,Filler,2013,1548.2084495853558,0.1323314019283542,10333.5,10378.0,Large,Large,,20711.5
426,Filler-1958,Filler,1958,1672.7972758032822,0.1095035456028597,10406.0,10301.0,Large,Large,,20707.0
427,Filler-5666,Filler,5666,1608.8366384817718,0.1128970209219487,10383.0,10320.0,Large,Large,,20703.0
428,Filler-7489,Filler,7489,1516.0747054493145,0.1463420744468808,10295.0,10407.0,Large,Large,,20702.0
429,Filler-6958,Filler,6958,1725.5211579720008,0.1067996788832773,10415.0,10281.0,Large,Large,,20696.0
430,Filler-3220,Filler,3220,1531.0735946685363,0.1299489264855682,10316.0,10374.0,Large,Large,,20690.0
431,Filler-826,Filler,826,1576.1982693536654,0.1137886532928199,10365.0,10325.0,Large,Large,,20690.0
432,Filler-1395,Filler,1395,1502.828421896612,0.1641888010613735,10267.0,10422.0,Large,Large,,20689.0
433,Filler-4931,Filler,4931,1522.777061356119,0.134063751154911,10302.0,10384.0,Large,Large,,20686.0
434,Filler-5940,Filler,5940,1554.7892577072116,0.1137595389402304,10339.0,10324.0,Large,Large,,20663.0
435,Filler-756,Filler,756,1485.3240083826468,0.1728120119370564,10230.0,10425.0,Large,Large,,20655.0
436,Filler-1706,Filler,1706,1489.7747847251585,0.1574742157678812,10239.0,10416.0,Large,Large,,20655.0
437,Filler-473,Filler,473,1630.640883388226,0.1042439390123013,10391.0,10258.0,Large,Large,,20649.0
438,Filler-2477,Filler,2477,1568.3788312995584,0.1081936516549248,10351.0,10292.0,Large,Large,,20643.0
439,Filler-6343,Filler,6343,1492.973213399847,0.1392383953177005,10244.0,10397.0,Large,Large,,20641.0
440,Filler-5247,Filler,5247,1618.3782033198734,0.1022343456532255,10388.0,10242.0,Large,Large,,20630.0
441,Filler-6730,Filler,6730,1733.5131239610162,0.0994253168194898,10417.0,10210.0,Large,Large,,20627.0
442,Filler-7089,Filler,7089,1655.5023888691424,0.100492636680248,10402.0,10225.0,Large,Large,,20627.0
443,Filler-7187,Filler,7187,1487.3674241663175,0.1352352437174087,10234.0,10386.0,Large,Large,,20620.0
444,Filler-4738,Filler,4738,1538.0149490308393,0.1049985471964037,10322.0,10263.0,Large,Large,,20585.0
445,Filler-2476,Filler,2476,1637.0946453392337,0.0977971297707803,10395.0,10186.0,Large,Large,,20581.0
446,Filler-1455,Filler,1455,1489.1028653455544,0.1178415520372508,10237.0,10342.0,Large,Large,,20579.0
447,Target-260,Target,260,1503.060407950845,0.1107565955527125,10268.0,10309.0,Large,Large,,20577.0
448,Filler-2945,Filler,2945,1584.10059410978,0.0984284887036906,10372.0,10197.0,Large,Large,,20569.0
449,Filler-3636,Filler,3636,1806.9809648344112,0.0949016095872141,10427.0,10140.0,Large,Large,,20567.0
450,Filler-6940,Filler,6940,1515.0906084684125,0.1056836139869982,10292.0,10270.0,Large,Large,,20562.0
451,Filler-1862,Filler,1862,1493.9670988311386,0.1117748231638344,10248.0,10314.0,Large,Large,,20562.0
452,Filler-6983,Filler,6983,1470.5753267567172,0.1206274793549788,10205.0,10351.0,Large,Large,,20556.0
453,Filler-696,Filler,696,1694.4694681781964,0.0946060688063692,10410.0,10137.0,Large,Large,,20547.0
454,Filler-7468,Filler,7468,1450.2204500216696,0.1307158392982662,10169.0,10377.0,Large,Large,,20546.0
455,Filler-6605,Filler,6605,1459.530993504111,0.1222510296268879,10187.0,10356.0,Large,Large,,20543.0
456,Filler-243,Filler,243,1567.0046796037002,0.0982679445226332,10349.0,10193.0,Large,Large,,20542.0
457,Filler-5137,Filler,5137,1435.9598385453492,0.146595978135601,10133.0,10408.0,Large,Large,,20541.0
458,Filler-6246,Filler,6246,1470.2871053748297,0.1129732869083479,10204.0,10321.0,Large,Large,,20525.0
459,Filler-3950,Filler,3950,1497.8069827780466,0.1040279381566325,10253.0,10256.0,Large,Large,,20509.0
460,Target-2079,Target,2079,1487.8318480767855,0.1059209860919251,10235.0,10273.0,Large,Large,,20508.0
461,Target-1342,Target,1342,1445.9704081369737,0.1162169624052616,10159.0,10338.0,Large,Large,,20497.0
462,Filler-5445,Filler,5445,1580.3153405811229,0.0939352960787857,10370.0,10127.0,Large,Large,,20497.0
463,Filler-4002,Filler,4002,1555.0330772989896,0.0956110437856405,10340.0,10150.0,Large,Large,,20490.0
464,Filler-1941,Filler,1941,1510.3938531895822,0.0988418364679468,10282.0,10203.0,Large,Large,,20485.0
465,Filler-1552,Filler,1552,1548.9860554587256,0.0951562155821701,10335.0,10145.0,Large,Large,,20480.0
466,Target-916,Target,916,1527.5495962817706,0.0967544717311843,10309.0,10169.0,Large,Large,,20478.0
467,Filler-2135,Filler,2135,1483.1642336692614,0.1026325816957549,10228.0,10248.0,Large,Large,,20476.0
468,Filler-7253,Filler,7253,1505.3189673639752,0.097371827087968,10271.0,10179.0,Large,Large,,20450.0
469,Filler-4963,Filler,4963,1528.6330932838353,0.0947858928339889,10312.0,10138.0,Large,Large,,20450.0
470,Filler-7343,Filler,7343,1545.9628566783429,0.0937649535145245,10328.0,10121.0,Large,Large,,20449.0
471,Filler-5054,Filler,5054,1497.2202808757422,0.0983855305325944,10252.0,10196.0,Large,Large,,20448.0
472,Target-1706,Target,1706,1508.6300782909643,0.0965516446065829,10279.0,10166.0,Large,Large,,20445.0
473,Filler-7418,Filler,7418,1585.9263433771205,0.090770181527795,10373.0,10071.0,Large,Large,,20444.0
474,Filler-2667,Filler,2667,1520.4062172271083,0.0950299062239376,10300.0,10142.0,Large,Large,,20442.0
475,Target-2174,Target,2174,1458.6777106589182,0.1034793987748614,10182.0,10253.0,Large,Large,,20435.0
476,Target-1107,Target,1107,1436.7873967327848,0.1090419816948347,10136.0,10299.0,Large,Large,,20435.0
477,Filler-7220,Filler,7220,1439.106848584477,0.1074754717622726,10144.0,10288.0,Large,Large,,20432.0
478,Filler-4192,Filler,4192,1454.1840713643046,0.1036549450752424,10176.0,10255.0,Large,Large,,20431.0
479,Filler-5836,Filler,5836,1509.9759165565267,0.0951255661713307,10281.0,10144.0,Large,Large,,20425.0
480,Target-1255,Target,1255,1411.5509327232046,0.1241345815710716,10062.0,10362.0,Large,Large,,20424.0
481,Filler-6050,Filler,6050,1628.4872718494958,0.0891988749284705,10390.0,10031.0,Large,Large,,20421.0
482,Filler-4372,Filler,4372,1579.8009536069007,0.0895252982932181,10369.0,10042.0,Large,Large,,20411.0
483,Filler-7713,Filler,7713,1474.8251396439443,0.0984725862793757,10213.0,10198.0,Large,Large,,20411.0
484,Filler-1587,Filler,1587,1424.0770495906384,0.1107403638078075,10102.0,10308.0,Large,Large,,20410.0
485,Filler-2249,Filler,2249,1673.9559161085335,0.0881156724067567,10408.0,10002.0,Large,Large,,20410.0
486,Filler-2146,Filler,2146,1960.825335353161,0.0864000804706374,10435.0,9950.0,Large,Large,,20385.0
487,Target-1719,Target,1719,1424.5402828738504,0.1059411679599928,10104.0,10275.0,Large,Large,,20379.0
488,Target-872,Target,872,1396.5727782839506,0.1338385801336823,9994.0,10383.0,Large,Large,,20377.0
489,Filler-4816,Filler,4816,1420.193229067491,0.1063952330782004,10091.0,10277.0,Large,Large,,20368.0
490,Filler-2163,Filler,2163,1391.0624919372017,0.1379902639992109,9971.0,10394.0,Large,Large,,20365.0
491,Target-1122,Target,1122,1385.2046038082926,0.1646015042935135,9939.0,10424.0,Large,Large,,20363.0
492,Target-1665,Target,1665,1413.6893861882174,0.1073517047694147,10071.0,10286.0,Large,Large,,20357.0
493,Target-1286,Target,1286,1614.362583823196,0.0868471904325906,10387.0,9966.0,Large,Large,,20353.0
494,Filler-1943,Filler,1943,1381.5780164081064,0.1784959814435304,9924.0,10427.0,Large,Large,,20351.0
495,Filler-2838,Filler,2838,1474.7460563041916,0.0943393136535629,10212.0,10134.0,Large,Large,,20346.0
496,Filler-774,Filler,774,1501.749540722539,0.0913003092569772,10264.0,10079.0,Large,Large,,20343.0
497,Filler-6235,Filler,6235,1566.1614951076417,0.0878708021864218,10346.0,9997.0,Large,Large,,20343.0
498,Filler-292,Filler,292,1578.663790862515,0.0868880971850423,10368.0,9968.0,Large,Large,,20336.0
499,Filler-4855,Filler,4855,1391.8046495274575,0.1216974186041911,9973.0,10354.0,Large,Large,,20327.0
500,Filler-4658,Filler,4658,1546.4523420523278,0.0877600697398037,10330.0,9993.0,Large,Large,,20323.0
501,Filler-919,Filler,919,1449.5067532850962,0.0957485286155095,10168.0,10153.0,Large,Large,,20321.0
502,Target-1840,Target,1840,1515.1636950817403,0.0889400697954107,10293.0,10024.0,Large,Large,,20317.0
503,Filler-5799,Filler,5799,1499.3890877151496,0.090194719471983,10257.0,10058.0,Large,Large,,20315.0
504,Filler-873,Filler,873,1413.1922296821797,0.1022496550410254,10067.0,10243.0,Large,Large,,20310.0
505,Filler-7269,Filler,7269,1566.8349908474925,0.0867842603929168,10347.0,9962.0,Large,Large,,20309.0
506,Target-452,Target,452,1598.3148726020313,0.0852358460760728,10376.0,9924.0,Large,Large,,20300.0
507,Filler-1886,Filler,1886,1469.2103192978934,0.0922394725714675,10201.0,10097.0,Large,Large,,20298.0
508,Target-576,Target,576,1564.1897272391816,0.0863018362423593,10344.0,9946.0,Large,Large,,20290.0
509,Filler-4487,Filler,4487,1400.3431528097683,0.1066612487618387,10007.0,10280.0,Large,Large,,20287.0
510,Filler-1839,Filler,1839,1673.2925759092404,0.0834199580893014,10407.0,9879.0,Large,Large,,20286.0
511,Filler-1426,Filler,1426,1460.7996679939224,0.0920746328769541,10189.0,10092.0,Large,Large,,20281.0
512,Filler-6792,Filler,6792,1519.6359725928112,0.0873203431567944,10299.0,9980.0,Large,Large,,20279.0
513,Filler-5693,Filler,5693,1430.2447770597266,0.0960937970001082,10117.0,10155.0,Large,Large,,20272.0
514,Filler-5169,Filler,5169,1420.484371228947,0.0971231494715176,10092.0,10174.0,Large,Large,,20266.0
515,Filler-6532,Filler,6532,1414.9525181243612,0.0976373211391888,10074.0,10182.0,Large,Large,,20256.0
516,Filler-3868,Filler,3868,1499.0999299324476,0.0878683826340105,10256.0,9996.0,Large,Large,,20252.0
517,Target-302,Target,302,1574.5849524303994,0.0838591943822728,10361.0,9889.0,Large,Large,,20250.0
518,Filler-3551,Filler,3551,1477.2737403037663,0.0892040314126951,10217.0,10032.0,Large,Large,,20249.0
519,Target-1332,Target,1332,1543.526301109079,0.0851755635411612,10326.0,9922.0,Large,Large,,20248.0
520,Target-2120,Target,2120,1404.2473509418537,0.1002744474859917,10027.0,10219.0,Large,Large,,20246.0
521,Target-2103,Target,2103,1431.8375764139496,0.0938650072962574,10122.0,10123.0,Large,Large,,20245.0
522,Filler-7740,Filler,7740,1368.401462350044,0.1354752930273803,9855.0,10388.0,Large,Large,,20243.0
523,Filler-5531,Filler,5531,1357.6898719806525,0.2387995059771585,9803.0,10438.0,Large,Large,,20241.0
524,Filler-3064,Filler,3064,1590.772541238547,0.0829566359911276,10375.0,9862.0,Large,Large,,20237.0
525,Target-1693,Target,1693,1488.8983822246994,0.0878321442662726,10236.0,9995.0,Large,Large,,20231.0
526,Filler-5335,Filler,5335,1380.6925949721772,0.1120224940499622,9913.0,10315.0,Large,Large,,20228.0
527,Filler-6644,Filler,6644,1374.5100061999192,0.1170685208048524,9884.0,10340.0,Large,Large,,20224.0
528,Filler-6768,Filler,6768,1508.3726303168796,0.0861793840038927,10278.0,9941.0,Large,Large,,20219.0
529,Filler-989,Filler,989,1465.12086947949,0.088846668960779,10195.0,10023.0,Large,Large,,20218.0
530,Filler-1699,Filler,1699,1451.3939072118444,0.0893241934754718,10171.0,10038.0,Large,Large,,20209.0
531,Filler-1569,Filler,1569,1578.5069136678214,0.0824578113969482,10367.0,9840.0,Large,Large,,20207.0
532,Filler-7093,Filler,7093,1390.992131751624,0.1017073035579923,9970.0,10236.0,Large,Large,,20206.0
533,Filler-2862,Filler,2862,1405.6194067132208,0.0967562907464831,10033.0,10170.0,Large,Large,,20203.0
534,Filler-748,Filler,748,1360.658635500535,0.1303847687516953,9822.0,10375.0,Large,Large,,20197.0
535,Filler-6381,Filler,6381,1564.65508327947,0.082669690710413,10345.0,9852.0,Large,Large,,20197.0
536,Filler-2343,Filler,2343,1491.7540908176031,0.0864390425015284,10242.0,9951.0,Large,Large,,20193.0
537,Filler-5831,Filler,5831,1375.6041112028151,0.1086410832282087,9892.0,10294.0,Large,Large,,20186.0
538,Filler-4814,Filler,4814,1392.6925273339057,0.0993563299805812,9977.0,10208.0,Large,Large,,20185.0
539,Filler-6604,Filler,6604,1388.3484407028714,0.100477170788245,9958.0,10224.0,Large,Large,,20182.0
540,Filler-1625,Filler,1625,1355.33924765292,0.1361767171439177,9791.0,10390.0,Large,Large,,20181.0
541,Filler-4460,Filler,4460,1703.8756254107318,0.080346747511196,10413.0,9758.0,Large,Large,,20171.0
542,Filler-2262,Filler,2262,1433.1165827190334,0.0893810193654563,10128.0,10039.0,Large,Large,,20167.0
543,Filler-3825,Filler,3825,1524.8951426921587,0.0828610564319055,10305.0,9859.0,Large,Large,,20164.0
544,Filler-7460,Filler,7460,1571.828917813574,0.0817059191295348,10355.0,9807.0,Large,Large,,20162.0
545,Target-1322,Target,1322,1537.1471170171744,0.0824701328903179,10320.0,9841.0,Large,Large,,20161.0
546,Filler-7633,Filler,7633,1407.1401107809836,0.0932524324443774,10042.0,10114.0,Large,Large,,20156.0
547,Target-1637,Target,1637,1381.553800081835,0.1006351309768636,9923.0,10226.0,Large,Large,,20149.0
548,Target-1860,Target,1860,1398.2990483719666,0.0955725047068728,9999.0,10149.0,Large,Large,,20148.0
549,Filler-7486,Filler,7486,1511.4019946995306,0.0827939518528358,10284.0,9857.0,Large,Large,,20141.0
550,Filler-2084,Filler,2084,1546.4463054063085,0.0817812153602389,10329.0,9810.0,Large,Large,,20139.0
551,Target-675,Target,675,1516.3024581370753,0.0824753615259643,10296.0,9843.0,Large,Large,,20139.0
552,Filler-3170,Filler,3170,1512.9380899032233,0.0826679889627642,10287.0,9851.0,Large,Large,,20138.0
553,Filler-1324,Filler,1324,1350.1943644462622,0.133467620532229,9756.0,10382.0,Large,Large,,20138.0
554,Filler-5058,Filler,5058,1495.952770614126,0.0838556796681659,10250.0,9888.0,Large,Large,,20138.0
555,Filler-6110,Filler,6110,1518.2737543681126,0.082352658589438,10298.0,9834.0,Large,Large,,20132.0
556,Filler-4476,Filler,4476,1404.461197156452,0.0923783281984579,10028.0,10100.0,Large,Large,,20128.0
557,Filler-3805,Filler,3805,1354.1300201751194,0.1179465652316733,9785.0,10343.0,Large,Large,,20128.0
558,Filler-624,Filler,624,1529.144124204019,0.0818888372464774,10313.0,9813.0,Large,Large,,20126.0
559,Filler-4853,Filler,4853,1475.61575465776,0.0847309521654764,10214.0,9912.0,Large,Large,,20126.0
560,Filler-839,Filler,839,1369.204449905288,0.1056512966601543,9857.0,10268.0,Large,Large,,20125.0
561,Filler-5282,Filler,5282,1406.808756275459,0.0914717400035173,10040.0,10083.0,Large,Large,,20123.0
562,Target-253,Target,253,1401.6803390360678,0.0927568803342508,10013.0,10106.0,Large,Large,,20119.0
563,Filler-1567,Filler,1567,1367.2138014640857,0.1053808375225539,9849.0,10267.0,Large,Large,,20116.0
564,Filler-1900,Filler,1900,1428.6998354254815,0.0880172224771762,10113.0,10001.0,Large,Large,,20114.0
565,Filler-3308,Filler,3308,1372.2631202740993,0.1017971795417228,9872.0,10238.0,Large,Large,,20110.0
566,Target-149,Target,149,1396.2483319917926,0.0934283086787826,9992.0,10116.0,Large,Large,,20108.0
567,Filler-2255,Filler,2255,1407.2829357294922,0.0903231896483019,10043.0,10062.0,Large,Large,,20105.0
568,Filler-6565,Filler,6565,1407.3341818215008,0.0902855200779966,10044.0,10059.0,Large,Large,,20103.0
569,Target-673,Target,673,1525.654685206564,0.0814711137943672,10307.0,9794.0,Large,Large,,20101.0
570,Filler-975,Filler,975,1390.4861675767954,0.0941819880454747,9967.0,10131.0,Large,Large,,20098.0
571,Filler-5741,Filler,5741,1338.044918860193,0.2055672167437636,9659.0,10433.0,Large,Large,,20092.0
572,Filler-2539,Filler,2539,1541.9642280971314,0.0805975490351395,10325.0,9766.0,Large,Large,,20091.0
573,Filler-5563,Filler,5563,1344.8878851944792,0.129200021164657,9720.0,10371.0,Large,Large,,20091.0
574,Filler-6404,Filler,6404,1431.1360773098306,0.0868957232414068,10121.0,9969.0,Large,Large,,20090.0
575,Filler-218,Filler,218,1465.223164870206,0.0840156127956711,10196.0,9894.0,Large,Large,,20090.0
576,Filler-457,Filler,457,1442.1300314811692,0.0857122398334651,10150.0,9931.0,Large,Large,,20081.0
577,Filler-4419,Filler,4419,1429.2142228841724,0.0868227981149546,10115.0,9965.0,Large,Large,,20080.0
578,Filler-6854,Filler,6854,1461.2099245605316,0.0834533107157609,10190.0,9881.0,Large,Large,,20071.0
579,Filler-2138,Filler,2138,1563.3106835070291,0.0792660299137827,10343.0,9716.0,Large,Large,,20059.0
580,Filler-5957,Filler,5957,1734.478104507214,0.077178347076454,10418.0,9634.0,Large,Large,,20052.0
581,Filler-2755,Filler,2755,1334.9285208850936,0.1575724772216888,9630.0,10417.0,Large,Large,,20047.0
582,Target-1620,Target,1620,1336.1370543749474,0.1445685879081925,9639.0,10405.0,Large,Large,,20044.0
583,Filler-3898,Filler,3898,1342.934680677194,0.1203684373715584,9691.0,10350.0,Large,Large,,20041.0
584,Filler-2434,Filler,2434,1379.0938805512967,0.0941975463143468,9908.0,10132.0,Large,Large,,20040.0
585,Filler-5701,Filler,5701,812.6290597193622,0.0378509455860334,2516.0,2502.0,Small,Small,,5018.0
586,Filler-5358,Filler,5358,805.1745720170445,0.0381451783658454,2425.0,2591.0,Small,Small,,5016.0
587,Filler-962,Filler,962,802.0329499127603,0.0382127685114034,2396.0,2607.0,Small,Small,,5003.0
588,Filler-1001,Filler,1001,805.256061765196,0.0379794923206217,2428.0,2545.0,Small,Small,,4973.0
589,Filler-5585,Filler,5585,820.1991786776804,0.0372232913703107,2587.5,2336.0,Small,Small,,4923.5
590,Filler-2090,Filler,2090,800.068891146141,0.0378624546534282,2370.0,2507.0,Small,Small,,4877.0
591,Filler-4827,Filler,4827,795.391446358707,0.0379689417642938,2313.0,2540.0,Small,Small,,4853.0
592,Filler-6913,Filler,6913,796.9413521028094,0.0377235414227624,2333.0,2466.0,Small,Small,,4799.0
593,Target-178,Target,178,806.5981745328502,0.0372452285955311,2447.0,2339.0,Small,Small,,4786.0
594,Filler-7145,Filler,7145,795.6835203879273,0.037727020311148,2317.0,2468.0,Small,Small,,4785.0
595,Target-1728,Target,1728,790.5256325431883,0.0378902578383737,2261.0,2520.0,Small,Small,,4781.0
596,Filler-5539,Filler,5539,789.2452491551961,0.0379601213937595,2246.0,2535.0,Small,Small,,4781.0
597,Filler-3099,Filler,3099,798.1696221584288,0.0375724171816407,2349.0,2425.0,Small,Small,,4774.0
598,Target-694,Target,694,800.923758052488,0.0374438501848035,2380.0,2386.0,Small,Small,,4766.0
599,Target-989,Target,989,789.5812926480305,0.0378805657274913,2250.0,2516.0,Small,Small,,4766.0
600,Filler-2554,Filler,2554,791.1064573544015,0.037804660915631,2268.0,2491.0,Small,Small,,4759.0
601,Filler-7792,Filler,7792,807.5547861646927,0.0367802768347685,2462.0,2204.0,Small,Small,,4666.0
602,Filler-1477,Filler,1477,770.9778333378972,0.0380816722067769,2076.0,2575.0,Small,Small,,4651.0
603,Filler-3635,Filler,3635,804.9225292468477,0.036828634348557,2422.0,2214.0,Small,Small,,4636.0
604,Filler-4260,Filler,4260,822.5499514822508,0.0360593903051883,2610.0,2014.0,Small,Small,,4624.0
605,Target-830,Target,830,776.0713739645454,0.0377196787895087,2131.0,2461.0,Small,Small,,4592.0
606,Filler-456,Filler,456,805.2451777127217,0.0365909894648478,2427.0,2159.0,Small,Small,,4586.0
607,Filler-1077,Filler,1077,772.4908543956682,0.0378009702528184,2089.0,2489.0,Small,Small,,4578.0
608,Filler-3958,Filler,3958,771.8544383398306,0.0377271530596257,2084.0,2469.0,Small,Small,,4553.0
609,Target-137,Target,137,764.5427612914183,0.037935105832984,2014.0,2532.0,Small,Small,,4546.0
610,Target-1756,Target,1756,806.1656594282979,0.0363406102909849,2441.5,2090.0,Small,Small,,4531.5
611,Target-234,Target,234,786.3540622913678,0.0371187524058427,2219.0,2303.0,Small,Small,,4522.0
612,Filler-7915,Filler,7915,781.3839913391496,0.0371359742997817,2180.0,2312.0,Small,Small,,4492.0
613,Filler-7215,Filler,7215,798.7381062493503,0.0364929225243508,2358.0,2132.0,Small,Small,,4490.0
614,Filler-1654,Filler,1654,795.2205321399724,0.0364991901751524,2311.0,2135.0,Small,Small,,4446.0
615,Filler-4480,Filler,4480,765.5704266379416,0.0375271587180135,2028.0,2415.0,Small,Small,,4443.0
616,Target-806,Target,806,755.3609715157835,0.0378331885991155,1941.0,2499.0,Small,Small,,4440.0
617,Filler-3047,Filler,3047,808.3228452355885,0.0358079768943723,2468.0,1955.0,Small,Small,,4423.0
618,Filler-4667,Filler,4667,812.7946049294702,0.0356282548152169,2519.0,1902.0,Small,Small,,4421.0
619,Filler-3670,Filler,3670,773.2528113186827,0.037083564196479,2102.0,2294.0,Small,Small,,4396.0
620,Filler-1781,Filler,1781,774.8653975566762,0.0370231780702603,2121.0,2270.0,Small,Small,,4391.0
621,Target-169,Target,169,802.1091293303932,0.0359637655217559,2398.0,1991.0,Small,Small,,4389.0
622,Filler-2120,Filler,2120,782.2612268464932,0.0367581043105173,2187.0,2198.0,Small,Small,,4385.0
623,Filler-3659,Filler,3659,783.7982804143872,0.0366911354362392,2200.0,2182.0,Small,Small,,4382.0
624,Filler-4259,Filler,4259,736.2191208006682,0.0380930150326208,1772.0,2579.0,Small,Small,,4351.0
625,Target-1522,Target,1522,796.7325238422158,0.036084604329015,2331.0,2019.0,Small,Small,,4350.0
626,Filler-7894,Filler,7894,799.8430836722232,0.0358859124293961,2367.0,1976.0,Small,Small,,4343.0
627,Filler-2654,Filler,2654,796.309430452686,0.0360435383620201,2325.0,2010.0,Small,Small,,4335.0
628,Filler-7092,Filler,7092,778.0113004168387,0.0366556882404288,2151.0,2171.0,Small,Small,,4322.0
629,Target-659,Target,659,730.3862201873775,0.0380892894582672,1730.0,2577.0,Small,Small,,4307.0
630,Target-1209,Target,1209,760.0635998929764,0.0371789025949934,1981.0,2321.0,Small,Small,,4302.0
631,Filler-4707,Filler,4707,791.3785526519536,0.0360954493584355,2271.0,2022.0,Small,Small,,4293.0
632,Target-1441,Target,1441,791.1755510828904,0.0360910569878541,2269.0,2021.0,Small,Small,,4290.0
633,Filler-7991,Filler,7991,756.3689670890558,0.0372284067942521,1953.0,2337.0,Small,Small,,4290.0
634,Filler-7264,Filler,7264,731.2984563724211,0.0380069450128443,1738.0,2552.0,Small,Small,,4290.0
635,Filler-930,Filler,930,782.2322612797979,0.0363983025737788,2186.0,2102.0,Small,Small,,4288.0
636,Target-1562,Target,1562,800.0041493658447,0.0356690627341737,2368.0,1909.0,Small,Small,,4277.0
637,Filler-4328,Filler,4328,736.4312366807051,0.0378397342766846,1775.0,2500.0,Small,Small,,4275.0
638,Target-1050,Target,1050,778.2636817028588,0.036417671031114,2155.0,2109.0,Small,Small,,4264.0
639,Filler-5394,Filler,5394,768.8450588541882,0.0367989516309404,2056.0,2208.0,Small,Small,,4264.0
640,Filler-6474,Filler,6474,768.2307230338562,0.036752871906639,2049.0,2195.0,Small,Small,,4244.0
641,Filler-1069,Filler,1069,747.5081699442218,0.0372921872632232,1875.0,2349.0,Small,Small,,4224.0
642,Filler-5380,Filler,5380,810.4075931294391,0.0348327979975188,2491.0,1719.0,Small,Small,,4210.0
643,Filler-4080,Filler,4080,717.6615249114384,0.0381547384931996,1614.0,2595.0,Small,Small,,4209.0
644,Filler-4424,Filler,4424,815.6252320008853,0.0345433370324659,2548.0,1658.0,Small,Small,,4206.0
645,Filler-2564,Filler,2564,764.9944235893613,0.0366998623364436,2020.0,2183.0,Small,Small,,4203.0
646,Target-1928,Target,1928,721.3285118449049,0.0380169310393692,1647.0,2555.0,Small,Small,,4202.0
647,Filler-4011,Filler,4011,821.323274300713,0.0343177493682116,2600.0,1591.0,Small,Small,,4191.0
648,Target-1718,Target,1718,750.5726025369518,0.0370981640940068,1891.0,2298.0,Small,Small,,4189.0
649,Target-1439,Target,1439,736.5463801057028,0.0375119521065827,1777.0,2409.0,Small,Small,,4186.0
650,Filler-2586,Filler,2586,807.5273713491382,0.0347763981179484,2461.0,1705.0,Small,Small,,4166.0
651,Filler-8039,Filler,8039,818.2782719499968,0.0343017213125981,2570.0,1586.0,Small,Small,,4156.0
652,Filler-6149,Filler,6149,712.8848478460794,0.0380397625153527,1583.0,2563.0,Small,Small,,4146.0
653,Filler-7808,Filler,7808,722.6324255288048,0.0376946346320596,1662.0,2454.0,Small,Small,,4116.0
654,Target-1164,Target,1164,707.4137455480467,0.0380767123212866,1541.0,2573.0,Small,Small,,4114.0
655,Target-203,Target,203,722.0477359271654,0.0376884812735106,1653.0,2452.0,Small,Small,,4105.0
656,Target-836,Target,836,796.3655420580518,0.0350557030743221,2328.0,1770.0,Small,Small,,4098.0
657,Filler-2826,Filler,2826,747.4941782511232,0.0368060317109476,1874.0,2210.0,Small,Small,,4084.0
658,Filler-251,Filler,251,757.6192013688866,0.0363959478281388,1961.0,2099.0,Small,Small,,4060.0
659,Target-1025,Target,1025,798.4524824325888,0.0346833245713248,2352.0,1692.0,Small,Small,,4044.0
660,Target-66,Target,66,734.6880279834203,0.0370306695416606,1764.0,2274.0,Small,Small,,4038.0
661,Filler-862,Filler,862,755.7050516203935,0.0363244283650051,1945.0,2084.0,Small,Small,,4029.0
662,Filler-6119,Filler,6119,791.0760997050012,0.0349971062074665,2267.0,1760.0,Small,Small,,4027.0
663,Filler-1376,Filler,1376,793.5515722864612,0.034882258979353,2296.0,1731.0,Small,Small,,4027.0
664,Target-641,Target,641,757.8395778259877,0.0361912334361657,1962.0,2046.0,Small,Small,,4008.0
665,Filler-3703,Filler,3703,720.958051868309,0.0373383356669427,1643.0,2363.0,Small,Small,,4006.0
666,Target-642,Target,642,762.0735717883839,0.036011407455228,1993.0,2000.0,Small,Small,,3993.0
667,Filler-5409,Filler,5409,771.6945527774933,0.0356620933745274,2082.0,1907.0,Small,Small,,3989.0
668,Target-400,Target,400,789.6731717274588,0.0348622550103285,2253.0,1727.0,Small,Small,,3980.0
669,Target-1764,Target,1764,801.2740158235075,0.0343417695199368,2385.0,1595.0,Small,Small,,3980.0
670,Target-1876,Target,1876,743.0073197607397,0.036547085054698,1834.0,2145.0,Small,Small,,3979.0
671,Filler-3884,Filler,3884,727.2114677310514,0.0370260191673413,1707.0,2272.0,Small,Small,,3979.0
672,Target-1698,Target,1698,746.3971099896295,0.0364338644845025,1861.0,2115.0,Small,Small,,3976.0
673,Target-1857,Target,1857,703.1854068471049,0.0377300104694551,1504.0,2471.0,Small,Small,,3975.0
674,Target-568,Target,568,821.9382581752631,0.0333605261218895,2606.0,1368.0,Small,Small,,3974.0
675,Filler-4433,Filler,4433,790.701150247186,0.0347703910676963,2265.0,1702.0,Small,Small,,3967.0
676,Filler-5731,Filler,5731,797.272858090952,0.0344611972973237,2336.0,1630.0,Small,Small,,3966.0
677,Target-477,Target,477,814.6424717883197,0.0335482308428333,2537.0,1413.0,Small,Small,,3950.0
678,Filler-3938,Filler,3938,799.1551504613736,0.0342926440044937,2362.0,1583.0,Small,Small,,3945.0
679,Filler-6701,Filler,6701,681.1638006246577,0.0381249772495619,1358.0,2585.0,Small,Small,,3943.0
680,Filler-5890,Filler,5890,778.6870873459021,0.0350907891384847,2158.0,1780.0,Small,Small,,3938.0
681,Filler-6885,Filler,6885,739.548864422837,0.0364805170406433,1807.0,2129.0,Small,Small,,3936.0
682,Target-1607,Target,1607,783.3246436616918,0.0349141365850094,2195.0,1740.0,Small,Small,,3935.0
683,Filler-329,Filler,329,715.9869119120383,0.0371981193246202,1603.0,2329.0,Small,Small,,3932.0
684,Target-1982,Target,1982,739.6813998855681,0.0364553180396724,1809.0,2122.0,Small,Small,,3931.0
685,Filler-7707,Filler,7707,727.7780649450847,0.0368346588180046,1713.0,2215.0,Small,Small,,3928.0
686,Filler-1768,Filler,1768,803.6595014336307,0.033963412507846,2410.0,1516.0,Small,Small,,3926.0
687,Filler-5802,Filler,5802,768.3887727446463,0.0355164844054473,2052.0,1869.0,Small,Small,,3921.0
688,Filler-4922,Filler,4922,779.6271773200743,0.0349003911708333,2166.0,1734.0,Small,Small,,3900.0
689,Target-947,Target,947,690.0481575069101,0.0377460031759868,1423.0,2476.0,Small,Small,,3899.0
690,Filler-193,Filler,193,716.3293139707105,0.0370747338682454,1606.0,2291.0,Small,Small,,3897.0
691,Filler-192,Filler,192,722.5101036031796,0.0368889960300254,1660.0,2236.0,Small,Small,,3896.0
692,Filler-188,Filler,188,773.1712141426732,0.0351846154441959,2098.0,1797.0,Small,Small,,3895.0
693,Filler-509,Filler,509,727.0582718676741,0.0366640744612576,1706.0,2172.0,Small,Small,,3878.0
694,Filler-1132,Filler,1132,776.8645396458653,0.0349101819805866,2137.0,1738.0,Small,Small,,3875.0
695,Target-725,Target,725,705.1099577438504,0.0372932149831253,1523.0,2350.0,Small,Small,,3873.0
696,Target-1941,Target,1941,683.4139959082147,0.0378079837804668,1378.0,2492.0,Small,Small,,3870.0
697,Filler-8033,Filler,8033,822.4591109595419,0.0328545358366953,2609.0,1261.0,Small,Small,,3870.0
698,Target-1938,Target,1938,767.8731304810525,0.035273817687061,2046.0,1823.0,Small,Small,,3869.0
699,Target-708,Target,708,732.9832621320662,0.0364007939716085,1752.0,2103.0,Small,Small,,3855.0
700,Filler-6052,Filler,6052,818.5187367830873,0.0328446877949323,2573.0,1256.0,Small,Small,,3829.0
701,Filler-6964,Filler,6964,689.007298286223,0.0375166473422365,1417.0,2412.0,Small,Small,,3829.0
702,Filler-2504,Filler,2504,688.9437509676998,0.037509308830118,1416.0,2408.0,Small,Small,,3824.0
703,Filler-5039,Filler,5039,696.8708561285068,0.0373100656099949,1462.0,2355.0,Small,Small,,3817.0
704,Filler-891,Filler,891,687.0817821386297,0.0374972892440451,1404.0,2405.0,Small,Small,,3809.0
705,Target-1079,Target,1079,747.3118467755597,0.0357468326351376,1873.0,1935.0,Small,Small,,3808.0
706,Filler-2055,Filler,2055,799.2724562437132,0.0336359704560229,2363.0,1437.0,Small,Small,,3800.0
707,Target-832,Target,832,688.2007417148817,0.0374442306403461,1411.0,2387.0,Small,Small,,3798.0
708,Filler-7960,Filler,7960,808.598707951704,0.0331373526825116,2471.0,1327.0,Small,Small,,3798.0
709,Target-943,Target,943,773.1805905439604,0.034681158977986,2099.0,1690.0,Small,Small,,3789.0
710,Filler-7007,Filler,7007,751.1524675675661,0.0355622790630356,1897.0,1885.0,Small,Small,,3782.0
711,Filler-832,Filler,832,722.1589710864453,0.0364686258230947,1655.0,2127.0,Small,Small,,3782.0
712,Filler-2884,Filler,2884,680.2767561782434,0.0375903661481808,1347.0,2433.0,Small,Small,,3780.0
713,Filler-2643,Filler,2643,753.2238418429637,0.0354986140589295,1917.0,1861.0,Small,Small,,3778.0
714,Target-161,Target,161,700.9600033558237,0.037055257334542,1491.0,2278.0,Small,Small,,3769.0
715,Filler-6932,Filler,6932,815.3043261809572,0.0326403209921726,2544.0,1214.0,Small,Small,,3758.0
716,Filler-2695,Filler,2695,699.4310712977582,0.0369776038054772,1481.0,2259.0,Small,Small,,3740.0
717,Filler-2688,Filler,2688,767.0321937675646,0.0347283515109869,2041.0,1696.0,Small,Small,,3737.0
718,Filler-414,Filler,414,745.6891148568861,0.0355387470073856,1855.0,1878.0,Small,Small,,3733.0
719,Target-559,Target,559,642.7260031396455,0.0381947552279838,1117.0,2602.0,Small,Small,,3719.0
720,Filler-7189,Filler,7189,786.4323866443535,0.0338852475529947,2220.0,1497.0,Small,Small,,3717.0
721,Filler-5854,Filler,5854,701.3026743214319,0.0367755395406746,1495.0,2201.0,Small,Small,,3696.0
722,Target-1991,Target,1991,651.0421527627926,0.0379146508262454,1161.0,2526.0,Small,Small,,3687.0
723,Target-9,Target,9,745.2588771629571,0.0353510465797752,1853.0,1834.0,Small,Small,,3687.0
724,Target-640,Target,640,804.1793855046927,0.0328863093377116,2415.0,1269.0,Small,Small,,3684.0
725,Filler-3543,Filler,3543,719.4084504031664,0.0362160270625225,1631.0,2051.0,Small,Small,,3682.0
726,Filler-3934,Filler,3934,806.3068455926747,0.0327498913752246,2443.0,1234.0,Small,Small,,3677.0
727,Filler-7224,Filler,7224,717.7081259934141,0.0362539618600085,1615.0,2061.0,Small,Small,,3676.0
728,Filler-7859,Filler,7859,761.9397220257163,0.0346486577956404,1991.0,1684.0,Small,Small,,3675.0
729,Filler-4065,Filler,4065,676.1300662447543,0.037321371680172,1312.0,2358.0,Small,Small,,3670.0
730,Filler-6408,Filler,6408,717.0336831061716,0.0362481110420762,1611.0,2059.0,Small,Small,,3670.0
731,Filler-6800,Filler,6800,734.3589636699595,0.0356433047188695,1762.0,1905.0,Small,Small,,3667.0
732,Target-1258,Target,1258,739.4140879550822,0.0354872132137534,1806.0,1859.0,Small,Small,,3665.0
733,Filler-379,Filler,379,756.9877935194272,0.0347735103226734,1957.0,1704.0,Small,Small,,3661.0
734,Filler-1554,Filler,1554,695.8984520635988,0.0367819104369855,1455.0,2205.0,Small,Small,,3660.0
735,Filler-498,Filler,498,811.3108995037799,0.0323299476587204,2501.0,1158.0,Small,Small,,3659.0
736,Filler-7066,Filler,7066,720.9026209418256,0.0360058749917836,1641.0,1998.0,Small,Small,,3639.0
737,Filler-138,Filler,138,729.6780089459231,0.0356027138139595,1725.0,1895.0,Small,Small,,3620.0
738,Filler-2032,Filler,2032,724.626445096034,0.0357676608588336,1678.0,1941.0,Small,Small,,3619.0
739,Filler-7341,Filler,7341,692.9090507461842,0.0366519347314827,1441.0,2170.0,Small,Small,,3611.0
740,Filler-3517,Filler,3517,778.8830995612183,0.0336877495161429,2161.0,1449.0,Small,Small,,3610.0
741,Filler-4711,Filler,4711,642.1604673669867,0.0378168638529498,1112.0,2497.0,Small,Small,,3609.0
742,Target-726,Target,726,815.9591165903591,0.0316790561157287,2553.0,1052.0,Small,Small,,3605.0
743,Filler-3717,Filler,3717,704.8824857124173,0.0363143463886073,1521.0,2078.0,Small,Small,,3599.0
744,Filler-4117,Filler,4117,779.3461486281642,0.033613460434458,2163.0,1433.0,Small,Small,,3596.0
745,Filler-422,Filler,422,626.689760519655,0.0380812014972885,1022.0,2574.0,Small,Small,,3596.0
746,Filler-2645,Filler,2645,782.5493133376167,0.0335175936498248,2190.0,1405.0,Small,Small,,3595.0
747,Filler-5483,Filler,5483,710.1609200865809,0.0361160838882922,1563.0,2031.0,Small,Small,,3594.0
748,Filler-2143,Filler,2143,776.9403275247629,0.0336825334539383,2139.0,1448.0,Small,Small,,3587.0
749,Target-415,Target,415,814.2954298423529,0.0316797878827377,2531.0,1053.0,Small,Small,,3584.0
750,Filler-4386,Filler,4386,752.3989567125284,0.0346127868272401,1903.0,1675.0,Small,Small,,3578.0
751,Filler-2943,Filler,2943,658.4581646562018,0.0373577156650721,1212.0,2366.0,Small,Small,,3578.0
752,Filler-4515,Filler,4515,767.7061929949842,0.0340396124560768,2045.0,1531.0,Small,Small,,3576.0
753,Filler-5473,Filler,5473,707.819669185812,0.036116138824164,1544.0,2032.0,Small,Small,,3576.0
754,Filler-1231,Filler,1231,771.3194945477727,0.033882605161426,2078.0,1495.0,Small,Small,,3573.0
755,Target-783,Target,783,646.912502624376,0.0375771916737606,1142.0,2426.0,Small,Small,,3568.0
756,Target-1051,Target,1051,762.865409332623,0.0341937504800835,2001.0,1566.0,Small,Small,,3567.0
757,Filler-7063,Filler,7063,758.110599157341,0.0343622219910288,1965.0,1601.0,Small,Small,,3566.0
758,Target-1972,Target,1972,726.0254659954367,0.0355286885267192,1689.0,1874.0,Small,Small,,3563.0
759,Target-124,Target,124,642.8951708940573,0.0376192885431609,1119.0,2438.0,Small,Small,,3557.0
760,Filler-3859,Filler,3859,687.8553895546811,0.0365499921277174,1408.0,2148.0,Small,Small,,3556.0
761,Filler-1965,Filler,1965,654.9759588245282,0.0373371727592073,1192.0,2361.0,Small,Small,,3553.0
762,Filler-5545,Filler,5545,689.892683725953,0.0364806165587603,1421.0,2130.0,Small,Small,,3551.0
763,Filler-4299,Filler,4299,677.4614431520152,0.0368516758655515,1322.0,2225.0,Small,Small,,3547.0
764,Filler-2700,Filler,2700,679.3397583580178,0.0367913395909576,1334.0,2206.0,Small,Small,,3540.0
765,Filler-7993,Filler,7993,615.6397688251034,0.0381059199521842,956.0,2582.0,Small,Small,,3538.0
766,Filler-4942,Filler,4942,774.8361017076587,0.0335466395406587,2120.0,1412.0,Small,Small,,3532.0
767,Filler-2844,Filler,2844,788.5431145360257,0.0329329198837961,2243.0,1283.0,Small,Small,,3526.0
768,Filler-272,Filler,272,765.5233819643216,0.0338742621872759,2027.0,1494.0,Small,Small,,3521.0
769,Filler-6950,Filler,6950,792.2161612298129,0.0327242849739252,2282.0,1231.0,Small,Small,,3513.0
770,Filler-7091,Filler,7091,738.310483811833,0.0348087050170021,1798.0,1714.0,Small,Small,,3512.0
771,Filler-3456,Filler,3456,748.4346653130963,0.0344332946951345,1884.0,1619.0,Small,Small,,3503.0
772,Filler-4243,Filler,4243,809.6234003014179,0.0315394917352527,2482.0,1020.0,Small,Small,,3502.0
773,Filler-2315,Filler,2315,630.9008716631324,0.037685618212481,1046.0,2449.0,Small,Small,,3495.0
774,Target-1878,Target,1878,738.7460197023546,0.0346814519954118,1801.0,1691.0,Small,Small,,3492.0
775,Filler-3558,Filler,3558,739.8860935794091,0.0346330081171686,1811.0,1678.0,Small,Small,,3489.0
776,Filler-6771,Filler,6771,719.1070041566168,0.0355095262331082,1625.0,1864.0,Small,Small,,3489.0
777,Target-1819,Target,1819,664.764137512029,0.0368865922205563,1254.0,2235.0,Small,Small,,3489.0
778,Filler-380,Filler,380,737.0430477407095,0.0347665539143616,1781.0,1701.0,Small,Small,,3482.0
779,Target-1659,Target,1659,656.6126859775991,0.037047129384068,1200.0,2276.0,Small,Small,,3476.0
